[
  {
    "name": "District Allocation List: School Teacher Competitive Re-Examination (TRE 3.0)",
    "date_of_notification": "10-01-2025",
    "date_of_commencement": "To be announced",
    "end_date": "To be announced",
    "apply_link": "https://www.bpsc.bih.nic.in/",
    "event_type": "Result",
    "document_links": [
      "https://bpsc.bihar.gov.in/Notices/NB-2025-01-10-01.pdf"
    ],
    "details": {
      "important_dates": {
        "application_start_date": "Not applicable",
        "application_end_date": "Not applicable"
      },
      "exam_schedule": "Not applicable",
      "contact_details": {
        "phone": "Not provided",
        "email": "Not provided"
      }
    }
  },
  {
    "name": "Provisional Answer Keys: Integrated 70th Combined (Preliminary) Competitive Examinations",
    "date_of_notification": "08-01-2025",
    "date_of_commencement": "13-12-2024",
    "end_date": "04-01-2025",
    "apply_link": "https://www.bpsc.bih.nic.in/",
    "event_type": "Exam",
    "document_links": [
      "https://bpsc.bihar.gov.in/Notices/NB-2025-01-04-01.pdf"
    ],
    "details": {
      "important_dates": {
        "application_start_date": "Not applicable",
        "application_end_date": "Not applicable"
      },
      "exam_schedule": "Not applicable",
      "contact_details": {
        "phone": "Not provided",
        "email": "Not provided"
      }
    }
  },
  {
    "name": "Invitation of Objection to Answers: Integrated 70th Combined (Preliminary) Competitive Examination",
    "date_of_notification": "08-01-2025",
    "date_of_commencement": "13-12-2024",
    "end_date": "04-01-2025",
    "apply_link": "https://www.bpsc.bih.nic.in/",
    "event_type": "Notice",
    "document_links": [
      "https://bpsc.bihar.gov.in/Archive/2024/NB-2024-12-18-01.pdf"
    ],
    "details": {
      "important_dates": {
        "application_start_date": "Not applicable",
        "application_end_date": "Not applicable"
      },
      "exam_schedule": "Not applicable",
      "contact_details": {
        "phone": "Not provided",
        "email": "Not provided"
      }
    }
  },
  {
    "name": "Interview Program: Block Horticulture Officer Competitive Examination",
    "date_of_notification": "07-01-2025",
    "date_of_commencement": "To be announced",
    "end_date": "To be announced",
    "apply_link": "https://www.bpsc.bih.nic.in/",
    "event_type": "Exam",
    "document_links": [
      "https://bpsc.bihar.gov.in/Notices/NB-2025-01-07-02.pdf"
    ],
    "details": {
      "important_dates": {
        "application_start_date": "Not applicable",
        "application_end_date": "Not applicable"
      },
      "exam_schedule": "Not applicable",
      "contact_details": {
        "phone": "Not provided",
        "email": "Not provided"
      }
    }
  },
  {
    "name": "Important Notice: School Teacher Competitive Examination TRE 3.0 – Debarment of Candidates",
    "date_of_notification": "07-01-2025",
    "date_of_commencement": "To be announced",
    "end_date": "To be announced",
    "apply_link": "https://www.bpsc.bih.nic.in/",
    "event_type": "Notice",
    "document_links": [
      "https://bpsc.bihar.gov.in/Notices/NB-2025-01-15-02.pdf"
    ],
    "details": {
      "important_dates": {
        "application_start_date": "Not applicable",
        "application_end_date": "Not applicable"
      },
      "exam_schedule": "Not applicable",
      "contact_details": {
        "phone": "Not provided",
        "email": "Not provided"
      }
    }
  }
]
