[
  {
    "name": "Selection of Nine Experts in Project Implementing Team",
    "date_of_notification": "17-12-2024",
    "date_of_commencement": "17-12-2024",
    "end_date": "23-01-2025",
    "apply_link": "https://biharscb.co.in/career/",
    "event_type": "Exam",
    "document_links": [
      "https://biharscb.co.in/wp-content/uploads/2025/01/ADV-No-.2062-Dt-16.12.2024.pdf",
      "https://biharscb.co.in/wp-content/uploads/2025/01/Lt.-No.2062-Dt-16.12.2024.pdf",
      "https://biharscb.co.in/wp-content/uploads/2025/01/appilication-form_REV.pdf"
    ],
    "details": {
      "vacancies": {
        "total": 9,
        "breakdown": {
          "Project Manager": 1,
          "Agri-Business Expert": 2,
          "Marketing Expert": 2,
          "Financial Expert": 2,
          "IT Expert": 2
        }
      },
      "eligibility": {
        "age_limit": "25 to 40 years as of 01-12-2024",
        "education": "Relevant postgraduate degree with experience in respective fields"
      },
      "fee": {
        "amount": "Not specified",
        "exemptions": []
      },
      "important_dates": {
        "last_date_to_apply": "23-01-2025"
      },
      "contact_details": {
        "email": "helpdesk@biharscb.co.in",
        "address": "The Bihar State Co-operative Bank Ltd., Ashok Rajpath, Patna - 800004, Bihar"
      }
    }
  },
  {
    "name": "Chief Risk Officer Recruitment",
    "date_of_notification": "22-12-2024",
    "date_of_commencement": "22-12-2024",
    "end_date": "28-01-2025",
    "apply_link": "https://biharscb.co.in/career/",
    "event_type": "Exam",
    "document_links": [
      "https://biharscb.co.in/wp-content/uploads/2024/12/adv_cro.pdf",
      "https://biharscb.co.in/wp-content/uploads/2024/12/suchna_cro.pdf",
      "https://biharscb.co.in/wp-content/uploads/2024/12/Application-format_cro.pdf",
      "https://biharscb.co.in/wp-content/uploads/2025/01/extn-advt-17-Jan-2025-17-06-49.pdf"
    ],
    "details": {
      "vacancies": {
        "total": 1,
        "breakdown": {
          "Chief Risk Officer": 1
        }
      },
      "eligibility": {
        "age_limit": "Not specified",
        "education": "Professional certification in risk management or related fields with relevant experience"
      },
      "fee": {
        "amount": "Not specified",
        "exemptions": []
      },
      "important_dates": {
        "last_date_to_apply": "28-01-2025"
      },
      "contact_details": {
        "email": "helpdesk@biharscb.co.in",
        "address": "The Bihar State Co-operative Bank Ltd., Ashok Rajpath, Patna - 800004, Bihar"
      }
    }
  }
]
