[
  {
    "name": "First Inter Level Combined Competitive (Mains) Exam 2023",
    "date_of_notification": "15-01-2025",
    "date_of_commencement": "01-02-2025",
    "end_date": "15-02-2025",
    "apply_link": "https://bssc.bihar.gov.in/NoticeBoard.htm",
    "event_type": "Exam",
    "document_links": [
    ],
    "details": {
      "important_dates": {
        "application_start_date": "01-02-2025",
        "application_end_date": "15-02-2025"
      },
      "exam_schedule": "To be announced",
      "contact_details": {
        "phone": "(0612)-2227728",
        "email": "Not provided"
      }
    }
  },
  {
    "name": "Admit Card for First Inter Level Combined Competitive (Mains) Exam 2023",
    "date_of_notification": "20-02-2025",
    "date_of_commencement": "25-02-2025",
    "end_date": "10-03-2025",
    "apply_link": "https://bssc.bihar.gov.in/NoticeBoard.htm",
    "event_type": "AdmitCard",
    "document_links": [
    ],
    "details": {
      "important_dates": {
        "application_start_date": "25-02-2025",
        "application_end_date": "10-03-2025"
      },
      "exam_schedule": "To be announced",
      "contact_details": {
        "phone": "(0612)-2227728",
        "email": "Not provided"
      }
    }
  },
  {
    "name": "Result of First Inter Level Combined Competitive (Preliminary) Exam 2023",
    "date_of_notification": "10-01-2025",
    "date_of_commencement": "Not applicable",
    "end_date": "Not applicable",
    "apply_link": "https://bssc.bihar.gov.in/NoticeBoard.htm",
    "event_type": "Result",
    "document_links": [
    ],
    "details": {
      "important_dates": {
        "application_start_date": "Not applicable",
        "application_end_date": "Not applicable"
      },
      "exam_schedule": "Not applicable",
      "contact_details": {
        "phone": "(0612)-2227728",
        "email": "Not provided"
      }
    }
  }
]
