[
  {
    "name": "Public Notice Regarding Persons with Disability Candidates for Joint Competitive Examination for the Posts of Senior Assistant in Various Departments",
    "date_of_notification": "2025-01-22",
    "date_of_commencement": null,
    "end_date": null,
    "apply_link": "https://www.ppsc.gov.in/TAB/SHOWTABLINKS.ASPX?SHOWTABID=10",
    "event_type": "Exam",
    "document_links": ["https://www.ppsc.gov.in/usermanual.ashx?id=1"],
    "details": null
  },
  {
    "name": "Important Public Notice Regarding the Recruitment to 322 Posts to be Filled Through Punjab State Civil Services Combined Competitive Examination",
    "date_of_notification": "2025-01-21",
    "date_of_commencement": null,
    "end_date": null,
    "apply_link": "https://www.ppsc.gov.in/TAB/SHOWTABLINKS.ASPX?SHOWTABID=10",
    "event_type": "Exam",
    "document_links": ["https://www.ppsc.gov.in/Advertisement/detailadv.aspx?advno=20251&postid=263"],
    "details": null
  },
  {
    "name": "Important Public Notice Regarding Clarification of Queries of the Candidates for Recruitment to 322 Posts to be Filled Through Punjab State Civil Services Combined Competitive Examination",
    "date_of_notification": "2025-01-08",
    "date_of_commencement": null,
    "end_date": null,
    "apply_link": "https://www.ppsc.gov.in/TAB/SHOWTABLINKS.ASPX?SHOWTABID=10",
    "event_type": "Exam",
    "document_links": ["https://www.ppsc.gov.in/Advertisement/detailadv.aspx?advno=20251&postid=263"],
    "details": null
  },
  {
    "name": "Public Notice Regarding the Postponement of the Exam for Recruitment to 19 Posts of Child Development Project Officer Group-B in the Department of Social Security and Development of Women and Children, Government of Punjab",
    "date_of_notification": "2025-01-07",
    "date_of_commencement": null,
    "end_date": null,
    "apply_link": "https://www.ppsc.gov.in/TAB/SHOWTABLINKS.ASPX?SHOWTABID=10",
    "event_type": "Exam",
    "document_links": ["https://www.ppsc.gov.in/Advertisement/detailadv.aspx?advno=202212&postid=309"],
    "details": null
  },
  {
    "name": "Message from PPSC Chairman to All the Aspirants",
    "date_of_notification": "2024-01-03",
    "date_of_commencement": null,
    "end_date": null,
    "apply_link": "https://www.ppsc.gov.in/TAB/SHOWTABLINKS.ASPX?SHOWTABID=10",
    "event_type": "Exam",
    "document_links": ["https://www.ppsc.gov.in/usermanual.ashx?id=1"],
    "details": null
  },
  {
    "name": "Final Result for the Recruitment to the Posts of Law Officer in the Department of Housing and Urban Development (PUDA), Government of Punjab",
    "date_of_notification": "2025-01-03",
    "date_of_commencement": null,
    "end_date": null,
    "apply_link": "https://www.ppsc.gov.in/TAB/SHOWTABLINKS.ASPX?SHOWTABID=10",
    "event_type": "Result",
    "document_links": ["https://www.ppsc.gov.in/Advertisement/detailadv.aspx?advno=202220&postid=318"],
    "details": null
  },
  {
    "name": "Final Result for the Recruitment to the Posts of Legal Assistant (Head Office) Group-B in the Department of School Education, Government of Punjab",
    "date_of_notification": "2025-01-03",
    "date_of_commencement": null,
    "end_date": null,
    "apply_link": "https://www.ppsc.gov.in/TAB/SHOWTABLINKS.ASPX?SHOWTABID=10",
    "event_type": "Result",
    "document_links": [],
    "details": null
  },
  {
    "name": "Final Result for the Recruitment to the Posts of Legal Assistant in the Department of Excise and Taxation, Government of Punjab",
    "date_of_notification": "2025-01-03",
    "date_of_commencement": null,
    "end_date": null,
    "apply_link": "https://www.ppsc.gov.in/TAB/SHOWTABLINKS.ASPX?SHOWTABID=10",
    "event_type": "Result",
    "document_links": [],
    "details": null
  },
  {
    "name": "Final Result for the Recruitment to the Post of Legal Assistant in the Department of Animal Husbandry, Fisheries, and Dairy Development, Government of Punjab",
    "date_of_notification": "2025-01-03",
    "date_of_commencement": null,
    "end_date": null,
    "apply_link": "https://www.ppsc.gov.in/TAB/SHOWTABLINKS.ASPX?SHOWTABID=10",
    "event_type": "Result",
    "document_links": [],
    "details": null
  },
  {
    "name": "Recruitment to 322 Posts to be Filled Through Punjab State Civil Services Combined Competitive Examination-2025",
    "date_of_notification": "2025-01-03",
    "date_of_commencement": null,
    "end_date": null,
    "apply_link": "https://www.ppsc.gov.in/TAB/SHOWTABLINKS.ASPX?SHOWTABID=10",
    "event_type": "Recruitment",
    "document_links": [],
    "details": null
  },
  {
    "name": "Final Result for the Recruitment to 18 Posts of Assistant Town Planner Group A in the Department of Local Government (Municipal Corporation), Government of Punjab",
    "date_of_notification": "2025-01-01",
    "date_of_commencement": null,
    "end_date": null,
    "apply_link": "https://www.ppsc.gov.in/TAB/SHOWTABLINKS.ASPX?SHOWTABID=10",
    "event_type": "Result",
    "document_links": ["https://www.ppsc.gov.in/Advertisement/detailadv.aspx?advno=202218&postid=316"],
    "details": null
  },
  {
    "name": "Final Result for the Recruitment to 17 Posts of Assistant Town Planner (Municipal Councils/Nagar Panchayat) in the Department of Local Government (Improvement Trust), Government of Punjab",
    "date_of_notification": "2025-01-01",
    "date_of_commencement": null,
    "end_date": null,
    "apply_link": "https://www.ppsc.gov.in/TAB/SHOWTABLINKS.ASPX?SHOWTABID=10",
    "event_type": "Result",
    "document_links": [],
    "details": null
  },
  {
    "name": "Final Result for the Recruitment to 2 Posts of Assistant Town Planner Group A in the Department of Local Government (Improvement Trust), Government of Punjab",
    "date_of_notification": "2025-01-01",
    "date_of_commencement": null,
    "end_date": null,
    "apply_link": "https://www.ppsc.gov.in/TAB/SHOWTABLINKS.ASPX?SHOWTABID=10",
    "event_type": "Result",
    "document_links": [],
    "details": null
  }
]
