[
  {
    "name": "Recruitment for the Post of Clerk in Subordinate Courts of Haryana",
    "date_of_notification": "15-01-2025",
    "date_of_commencement": "15-01-2025",
    "end_date": "05-02-2025",
    "apply_link": "https://cdn3.digialm.com/EForms/configuredHtml/32046/79285/Index.html",
    "event_type": "Exam",
    "document_links": [
     
    ],
    "details": {
      "description": "SSSC invites applications for the post of Clerk in the Subordinate Courts of Haryana. Candidates with a bachelor's degree and proficiency in computer operations are encouraged to apply.",
      "eligibility": "Bachelor's degree in any discipline from a recognized university and proficiency in computer operations.",
      "selection_process": "The selection process includes a written examination followed by a computer proficiency test."
    }
  },
  {
    "name": "Recruitment for the Post of Clerk in Subordinate Courts of Punjab",
    "date_of_notification": "10-01-2025",
    "date_of_commencement": "10-01-2025",
    "end_date": "31-01-2025",
    "apply_link": "https://cdn3.digialm.com/EForms/configuredHtml/32046/76320//Index.html",
    "event_type": "Exam",
    "document_links": [
      
    ],
    "details": {
      "description": "SSSC invites applications for the post of Clerk in the Subordinate Courts of Punjab. Candidates with a bachelor's degree and proficiency in computer operations are encouraged to apply.",
      "eligibility": "Bachelor's degree in any discipline from a recognized university and proficiency in computer operations.",
      "selection_process": "The selection process includes a written examination followed by a computer proficiency test."
    }
  },
  {
    "name": "Recruitment for the Post of Stenographer Grade-III in Subordinate Courts of U.T. Chandigarh",
    "date_of_notification": "05-01-2025",
    "date_of_commencement": "05-01-2025",
    "end_date": "25-01-2025",
    "apply_link": "https://cdn3.digialm.com/EForms/configuredHtml/32046/83349/Index.html",
    "event_type": "Exam",
    "document_links": [
      "https://sssc.gov.in/Notice/Chandigarh_Steno_Advt_2025.pdf"
    ],
    "details": {
      "description": "SSSC invites applications for the post of Stenographer Grade-III in the Subordinate Courts of U.T. Chandigarh. Candidates with a bachelor's degree and proficiency in stenography are encouraged to apply.",
      "eligibility": "Bachelor's degree in any discipline from a recognized university and proficiency in stenography.",
      "selection_process": "The selection process includes an English Shorthand Test, its transcription, and a computer proficiency test."
    }
  }
]
