[
  {
    "name": "Recruitment for the Post of Veterinary Inspector",
    "date_of_notification": "15-01-2025",
    "date_of_commencement": "15-01-2025",
    "end_date": "05-02-2025",
    "apply_link": "https://sssb.punjab.gov.in/OnlineApps.html",
    "event_type": "Exam",
    "document_links": [
      
    ],
    "details": {
      "description": "SSSB Punjab invites applications for the post of Veterinary Inspector. Candidates with a diploma in Veterinary Science and Animal Health Technology are encouraged to apply.",
      "eligibility": "Diploma in Veterinary Science and Animal Health Technology from a recognized institution.",
      "selection_process": "The selection process includes a written examination followed by document verification."
    }
  },
  {
    "name": "Recruitment for the Post of Junior Draftsman (Civil)",
    "date_of_notification": "10-01-2025",
    "date_of_commencement": "10-01-2025",
    "end_date": "31-01-2025",
    "apply_link": "https://sssb.punjab.gov.in/OnlineApps.html",
    "event_type": "Exam",
    "document_links": [
     
    ],
    "details": {
      "description": "SSSB Punjab invites applications for the post of Junior Draftsman (Civil). Candidates with a diploma in Civil Engineering are encouraged to apply.",
      "eligibility": "Diploma in Civil Engineering from a recognized institution.",
      "selection_process": "The selection process includes a written examination followed by document verification."
    }
  }
]
