[{
    "name": "MPESB Excise Constable Recruitment 2025",
    "date_of_notification": "01-01-2025",
    "date_of_commencement": "15-02-2025",
    "end_date": "01-03-2025",
    "event_type":"Exam",
    "apply_link": "https://esb.mp.gov.in/",
    "document_links": [],
    "details": {
      "vacancies": {
        "total": "To be announced",
        "positions": "Excise Constable"
      },
      "eligibility": {
        "education": "12th Pass",
        "age_limit": "18 to 33 years"
      },
      "fee": {
        "amount": "To be announced",
        "exemptions": "To be announced"
      },
      "important_dates": {
        "application_start_date": "15-02-2025",
        "application_end_date": "01-03-2025",
        "exam_date": "08-07-2025"
      },
      "contact_details": {
        "official_website": "https://esb.mp.gov.in/"
      }
    }
  }
  ]