[
  {
    "name": "Group-1 Sub Group-1 & Group-2 Sub Group-1 Combined Recruitment Test - 2024",
    "date_of_notification": "31-12-2024",
    "date_of_commencement": "25-04-2025",
    "end_date": "25-04-2025",
    "apply_link": "https://esb.mp.gov.in/e_default.html",
    "event_type": "Exam",
    "document_links": [],
    "details": {}
  },
  {
    "name": "Group-1 (Sub Group -3) Combined Recruitment Test - 2024",
    "date_of_notification": "31-12-2024",
    "date_of_commencement": "15-04-2025",
    "end_date": "15-04-2025",
    "apply_link": "https://esb.mp.gov.in/e_default.html",
    "event_type": "Exam",
    "document_links": [],
    "details": {}
  },
  {
    "name": "Group-5 Staff Nurse, Paramedical and Other Post Combined Recruitment Test - 2024",
    "date_of_notification": "30-12-2024",
    "date_of_commencement": "15-02-2025",
    "end_date": null,
    "apply_link": "https://esb.mp.gov.in/e_default.html",
    "event_type": "Exam",
    "document_links": [],
    "details": {}
  }
]
