[
    {
      "name": "MPPGCL Assistant Engineer Recruitment 2024-25",
      "date_of_notification": "17-10-2024",
      "date_of_commencement": "24-12-2024",
      "end_date": "23-01-2025",
      "event_type":"Exam",
      "apply_link": "https://mppgcl.mp.gov.in/",
      "document_links": ["https://mppgcl.mp.gov.in/CAREER/RULEBOOK_AE_GEN_MPPGCL_1072_04032024.pdf","https://mppgcl.mp.gov.in/CAREER/Notice_DV_AE(Gen.)_2024_3443_28062024_ADVT_1072_04032024.pdf"],
      "details": {
        "vacancies": {
          "total": "To be announced",
          "positions": [
            "Assistant Engineer"
          ]
        },
        "eligibility": {
          "education": "BE/B.Tech in relevant engineering discipline",
          "age_limit": "21 to 40 years"
        },
        "fee": {
          "amount": "To be announced",
          "exemptions": "To be announced"
        },
        "important_dates": {
          "application_start_date": "24-12-2024",
          "application_end_date": "23-01-2025"
        },
        "contact_details": {
          "official_website": "https://mppgcl.mp.gov.in/"
        }
      }
    }
  ]
  