[{
    "name": "CISF AC(EXE) LDCE-2025",
    "date_of_notification": "04-12-2024",
    "date_of_commencement": "09-03-2025",
    "end_date": "09-03-2025",
    "apply_link": "https://upsc.gov.in/examinations/active-exams",
    "event_type": "Exam",
    "document_links": [
      "https://upsc.gov.in/sites/default/files/Notif-CISF-AC-EXE-LDCE-25-Engl-041224.pdf"
    ],
    "details": {
      "vacancies": {
        "total": "Information not specified in the provided sources."
      },
      "eligibility": {
        "age_limit": "Information not specified in the provided sources.",
        "education": "Information not specified in the provided sources.",
        "nationality": "Information not specified in the provided sources."
      },
      "fee": {
        "amount": "Information not specified in the provided sources.",
        "exemptions": "Information not specified in the provided sources."
      },
      "exam_centers": "Information not specified in the provided sources.",
      "important_dates": {
        "application_correction_window": "Information not specified in the provided sources.",
        "results": "Information not specified in the provided sources.",
        "ssb_interviews": "Information not specified in the provided sources."
      },
      "scheme_of_exam": {
        "subjects": "Information not specified in the provided sources.",
        "ssb_test": "Information not specified in the provided sources."
      },
      "contact_details": {
        "facilitation_counter": "Information not specified in the provided sources.",
        "address": "Information not specified in the provided sources."
      }
    }
  }
]