[
    {
        "name": "Civil Services (Preliminary) Examination, 2025",
        "date_of_notification": "22-01-2025",
        "date_of_commencement": "25-05-2025",
        "end_date": "25-05-2025",
        "apply_link": "https://upsc.gov.in/examinations/active-exams",
        "event_type": "Exam",
        "document_links": [
            "https://upsc.gov.in/sites/default/files/Notif-CSP-2025-Engl-220125.pdf",
            "https://upsc.gov.in/sites/default/files/Notification-Instructions-CSP-IFSP-2025-Engl-220125.pdf"
        ],
        "details": {
            "last_date_for_receipt_of_applications": "11-02-2025 18:00",
            "duration_of_examination": "One Day"
        }
    }
]