[
    {
      "name": "Engineering Services (Preliminary) Examination, 2025",
      "date_of_notification": "18-09-2024",
      "date_of_commencement": "08-06-2025",
      "end_date": "08-06-2025",
      "apply_link": "https://upsc.gov.in/examinations/active-exams",
      "event_type": "Exam",
      "document_links": [
        "https://upsc.gov.in/sites/default/files/Notif-ESEP-25-Engl-031024R.pdf",
        "https://upsc.gov.in/sites/default/files/Addendum-ESEP-2025-Engl-181024R.pdf",
        "https://upsc.gov.in/sites/default/files/TT-ESEP-25-Engl-061124.pdf"
      ],
      "details": {
        "vacancies": null,
        "eligibility": null,
        "fee": null,
        "exam_centers": null,
        "important_dates": {
          "last_date_for_receipt_of_applications": "22-11-2024 18:00"
        },
        "scheme_of_exam": null,
        "contact_details": null
      }
    }
  ]