[
    {
      "name": "Health Department – Recruitment for Medical Officer Group B Posts on Contract Basis",
      "date_of_notification": "01-01-2025",
      "date_of_commencement": "01-01-2025",
      "end_date": "10-01-2025",
      "event_type":"Exam",
      "apply_link": "https://zpbuldhana.maharashtra.gov.in/notice-category/recruitments-en/",
      "document_links": [
        "https://cdnbbsr.s3waas.gov.in/s3b53477c2821c1bf0da5d40e57b870d35/uploads/2025/01/20250106418603803.pdf"
      ],
      "details": {
        "description": "Recruitment for Medical Officer Group B positions on a contract basis.",
        "eligibility": "MBBS degree from a recognized institution.",
        "application_process": "Applications are invited through the official website.",
        "contact": "Zilla Parishad Buldhana Health Department"
      }
    }
  ]
  