[
  {
    "name": "Result of the Written Test and Notice for Interview for Recruitment to the Posts of Law Researcher",
    "date_of_notification": "20-01-2025",
    "date_of_commencement": null,
    "end_date": null,
    "apply_link": "https://www.orissahighcourt.nic.in/uploads/notification/",
    "event_type": "Result",
    "document_links": [
      "https://www.orissahighcourt.nic.in/uploads/notification/notification_1722473653.pdf"
    ],
    "details": {
      "description": "The Orissa High Court has released the results of the written test and announced the schedule for interviews for the recruitment of Law Researchers pursuant to Advertisement No. 10 of 2024."
    }
  }
]
