[
  {
    "name": "Recruitment for Sub-Inspector of Police and Equivalent Ranks (CPSE-2024)",
    "date_of_notification": "01-01-2025",
    "date_of_commencement": "20-01-2025",
    "end_date": "10-02-2025",
    "apply_link": "https://opsi.onlineregistrationforms.com",
    "event_type": "Exam",
    "document_links": [
      "https://odishapolice.gov.in/main/sites/default/files/PDF/Detailed%20Advertisement%20for%20recruitment%20of%20Sub-Inspector%20of%20Police%20and%20equivalent%20rank-2024.pdf"
    ],
    "details": {
      "description": "The Odisha Police Recruitment Board invites online applications for the recruitment of Sub-Inspector of Police and equivalent ranks under the Combined Police Service Examination-2024."
    }
  }
]
