[
  {
    "name": "Notice relating to provisional answer key & invitation of objections/suggestions on the Written Examination held for Recruitment of Post Graduate Teachers (Advt. No. 25 of 2023-24)",
    "date_of_notification": "24-01-2025",
    "date_of_commencement": "24-01-2025",
    "end_date": null,
    "apply_link": "https://www.opsc.gov.in/Public/OPSC/Default.aspx",
    "event_type": "Exam",
    "document_links": [],
    "details": {
      "description": "Candidates are invited to submit objections or suggestions regarding the provisional answer key for the written examination conducted for the recruitment of Post Graduate Teachers."
    }
  },
  {
    "name": "Roll List of Provisionally qualified candidates for Document Verification & Interview for recruitment to the posts of Lecturer in OTE & TS Cadre (Computer Science & Engineering) (Advt. No. 01 of 2023-24)",
    "date_of_notification": "22-01-2025",
    "date_of_commencement": "22-01-2025",
    "end_date": null,
    "apply_link": "https://www.opsc.gov.in/Public/OPSC/Default.aspx",
    "event_type": "Result",
    "document_links": [],
    "details": {
      "description": "List of candidates provisionally qualified for document verification and interview for the post of Lecturer in Computer Science & Engineering."
    }
  },
  {
    "name": "Notice relating to Cut Off Marks, Answer Key of Written Examination and Marks of Selected Candidates held for Recruitment to the post of Assistant Horticulture Officer (Advt. No. 17 of 2023-24)",
    "date_of_notification": "21-01-2025",
    "date_of_commencement": "21-01-2025",
    "end_date": "22-02-2025",
    "apply_link": "https://www.opsc.gov.in/Public/OPSC/Default.aspx",
    "event_type": "Result",
    "document_links": [],
    "details": {
      "description": "Publication of cut-off marks, answer key, and marks of selected candidates for the recruitment of Assistant Horticulture Officer."
    }
  },
  {
    "name": "Programme notice for Written Examination - Recruitment to the posts of Assistant Microbiologist (Advt. No. 07 of 2023-24)",
    "date_of_notification": "21-01-2025",
    "date_of_commencement": "21-01-2025",
    "end_date": null,
    "apply_link": "https://www.opsc.gov.in/Public/OPSC/Default.aspx",
    "event_type": "Exam",
    "document_links": [],
    "details": {
      "description": "Schedule for the written examination for the recruitment of Assistant Microbiologist."
    }
  },
  {
    "name": "Document Verification & Interview Notice - Recruitment to the posts of Lecturer in OTE & TS Cadre (Mathematics) (Advt. No. 01 of 2023-24)",
    "date_of_notification": "18-01-2025",
    "date_of_commencement": "18-01-2025",
    "end_date": null,
    "apply_link": "https://www.opsc.gov.in/Public/OPSC/Default.aspx",
    "event_type": "Interview",
    "document_links": [],
    "details": {
      "description": "Notice for document verification and interview for the post of Lecturer in Mathematics."
    }
  }
]
