[
  {
    "name": "Publication of Syllabus for Junior Engineer (Electrical) Main Written Examination",
    "date_of_notification": "22-01-2025",
    "date_of_commencement": "22-01-2025",
    "end_date": null,
    "apply_link": "https://www.ossc.gov.in/",
    "event_type": "Exam",
    "document_links": ["https://www.ossc.gov.in/"
    ],
    "details": {
      "description": "Syllabus for the Technical Paper of the Main Written Examination for the post of Junior Engineer (Electrical) pursuant to Advertisement No.-1233/OSSC dated 14.03.2024."
    }
  },
  {
    "name": "List of Defective Online Applications for Junior Stenographer and Junior Grade Typist",
    "date_of_notification": "22-01-2025",
    "date_of_commencement": "22-01-2025",
    "end_date": null,
    "apply_link": "https://www.ossc.gov.in/",
    "event_type": "Exam",
    "document_links": ["https://www.ossc.gov.in/"
    ],
    "details": {
      "description": "List of defective online applications (second and final phase) for the Combined Recruitment Examination for Junior Stenographer and Junior Grade Typist-2024 (Advt No.-4421/OSSC dated 06.11.2024)."
    }
  },
  {
    "name": "Notice for Main Written Examination of Statistical Assistant",
    "date_of_notification": "22-01-2025",
    "date_of_commencement": "22-01-2025",
    "end_date": null,
    "apply_link": "https://www.ossc.gov.in/",
    "event_type": "Exam",
    "document_links": ["https://www.ossc.gov.in/"
    ],
    "details": {
      "description": "Notice regarding the conduct of the Main Written Examination of Statistical Assistant under Directorate of Agriculture & Food Production 2023 (Advt No.-5038/OSSC dated 26.12.2023)."
    }
  },
  {
    "name": "Schedule for Physical Measurement & Physical Efficiency Test",
    "date_of_notification": "21-01-2025",
    "date_of_commencement": "21-01-2025",
    "end_date": null,
    "apply_link": "https://www.ossc.gov.in/",
    "event_type": "Exam",
    "document_links": ["https://www.ossc.gov.in/"
    ],
    "details": {
      "description": "Notice along with schedule for the conduct of Physical Measurement & Physical Efficiency Test for Combined Recruitment Examination of different posts having Physical Measurement & Physical Efficiency Test-2023 (Advt.No.5053/OSSC, dated 27.12.2023)."
    }
  },
  {
    "name": "Corrigendum to Combined Technical Services Recruitment Examination-2023",
    "date_of_notification": "21-01-2025",
    "date_of_commencement": "21-01-2025",
    "end_date": null,
    "apply_link": "https://www.ossc.gov.in/",
    "event_type": "Exam",
    "document_links": ["https://www.ossc.gov.in/"
    ],
    "details": {
      "description": "Corrigendum to Advertisement No. 4812/OSSC dated 08.12.2023 for the post of Combined Technical Services Recruitment Examination-2023."
    }
  }
]