[
  {
    "name": "Additional Private Secretary Exam-2024: Instruction for candidates Regarding the Examination of Computer Knowledge",
    "date_of_notification": "22-01-2025",
    "date_of_commencement": null,
    "end_date": "22-02-2025",
    "apply_link": "https://psc.uk.gov.in/candidate-corner/recruitment",
    "event_type": "Exam",
    "document_links": [
      "https://psc.uk.gov.in/public/uploads/recruitment/1724347345.pdf"
    ],
    "details": {}
  },
  {
    "name": "Assistant Professor (Govt. Degree College) Selection-2021: Notification (Botany), Selection Result and Interview Marks",
    "date_of_notification": "20-01-2025",
    "date_of_commencement": null,
    "end_date": "20-02-2025",
    "apply_link": "https://psc.uk.gov.in/candidate-corner/recruitment",
    "event_type": "Result",
    "document_links": ["https://psc.uk.gov.in/public/uploads/results/1913384141.pdf",
  "https://psc.uk.gov.in/public/uploads/results/1575481789.pdf",
"https://psc.uk.gov.in/public/uploads/results/2067909858.pdf"],
    "details": {}
  },
  {
    "name": "Investigator cum Computer and Assistant Statistical Officer Examination-2023: Notification/Corrigendum",
    "date_of_notification": "20-01-2025",
    "date_of_commencement": null,
    "end_date": "21-02-2025",
    "apply_link": "https://psc.uk.gov.in/candidate-corner/recruitment",
    "event_type": "Exam",
    "document_links": ["https://psc.uk.gov.in/public/uploads/recruitment/779976783.pdf"],
    "details": {}
  },
  {
    "name": "Sub Inspector (Civil Police/Intelligence), Fire Station Second Officer And Platoon Commander, Male (PAC/IRB) Exam-2024",
    "date_of_notification": "20-01-2025",
    "date_of_commencement": null,
    "end_date": "25-02-2025",
    "apply_link": "https://psc.uk.gov.in/candidate-corner/recruitment",
    "event_type": "Result",
    "document_links": ["https://psc.uk.gov.in/public/uploads/answerkey/571396901.pdf","https://psc.uk.gov.in/public/uploads/answerkey/1284665165.pdf","https://psc.uk.gov.in/public/uploads/answerkey/1107594007.pdf"
  ],
    "details": {}
  },
  {
    "name": "Additional Private Secretary Exam-2024: Notification and Link for Download Admit Card of Computer Knowledge Exam",
    "date_of_notification": "20-01-2025",
    "date_of_commencement": null,
    "end_date": "24-02-2025",
    "apply_link": "https://psc.uk.gov.in/candidate-corner/recruitment",
    "event_type": "AdmitCard",
    "document_links": ["https://psc.uk.gov.in/public/uploads/admitcard/708767994.pdf"],
    "details": {}
  },
  {
    "name": "Additional Private Secretary Exam-2024: Detailed Notification regarding Computer Knowledge Exam",
    "date_of_notification": "17-01-2025",
    "date_of_commencement": null,
    "end_date": "15-02-2025",
    "apply_link": "https://psc.uk.gov.in/candidate-corner/recruitment",
    "event_type": "Exam",
    "document_links": ["https://psc.uk.gov.in/public/uploads/recruitment/450936663.pdf"],
    "details": {}
  },
  {
    "name": "Uttarakhand Combined State Civil/Upper Subordinate Services Examination-2024",
    "date_of_notification": "17-01-2025",
    "date_of_commencement": null,
    "end_date": "28-02-2025",
    "apply_link": "https://psc.uk.gov.in/candidate-corner/recruitment",
    "event_type": "AdmitCard",
    "document_links": ["https://psc.uk.gov.in/public/uploads/admitcard/1187852705.pdf"],
    "details": {}
  },
  {
    "name": "Additional Private Secretary Exam-2024: Hindi and English Typing Exam Result",
    "date_of_notification": "16-01-2025",
    "date_of_commencement": null,
    "end_date": "10-02-2025",
    "apply_link": "https://psc.uk.gov.in/candidate-corner/recruitment",
    "event_type": "Result",
    "document_links": ["https://psc.uk.gov.in/public/uploads/results/238783892.pdf"],
    "details": {}
  },
  {
    "name": "Uttarakhand Combined State Civil/Upper Subordinate Services Examination-2024",
    "date_of_notification": "14-01-2025",
    "date_of_commencement": null,
    "end_date": "15-03-2025",
    "apply_link": "https://psc.uk.gov.in/candidate-corner/recruitment",
    "event_type": "Exam",
    "document_links": ["https://psc.uk.gov.in/public/uploads/recruitment/1306885884.pdf"],
    "details": {}
  }
]
