[
  {
    "name": "Recruitment of Acquisition Officers in Wealth Management Services on Contract Basis",
    "date_of_notification": "05-01-2025",
    "date_of_commencement": "05-01-2025",
    "end_date": "27-01-2025",
    "apply_link": "https://www.bankofbaroda.in/career/current-opportunities/recruitment-of-acquisition-officers--in-wealth-management-services-on-contract-basis",
    "event_type": "Exam",
    "document_links": [],
    "details": {
      "vacancies": {
        "total": 500,
        "breakdown": {}
      },
      "eligibility": {
        "age_limit": "As per Detailed Notification",
        "education": "As per Detailed Notification"
      },
      "fee": {
        "amount": "As per Detailed Notification",
        "exemptions": []
      },
      "important_dates": {
        "last_date_to_apply": "27-01-2025",
        "exam_date": "To be announced"
      },
      "contact_details": {
        "helpline": "Not specified",
        "email": "Not specified",
        "address": "Not specified"
      }
    }
  },
  {
    "name": "Recruitment of Senior Manager – MSME Relationship on Regular Basis in MSME Vertical",
    "date_of_notification": "05-12-2024",
    "date_of_commencement": "05-12-2024",
    "end_date": "26-12-2024",
    "apply_link": "https://www.bankofbaroda.in/career/current-opportunities/recruitment-of-senior-manager-msme-relationship-on-regular-basis-in-msme-vertical",
    "event_type": "Exam",
    "document_links": [],
    "details": {
      "vacancies": {
        "total": 250,
        "breakdown": {}
      },
      "eligibility": {
        "age_limit": "As per Detailed Notification",
        "education": "For Graduates - Minimum 8 years; For Post Graduates - Minimum 6 Years"
      },
      "fee": {
        "amount": "As per Detailed Notification",
        "exemptions": []
      },
      "important_dates": {
        "last_date_to_apply": "26-12-2024",
        "exam_date": "To be announced"
      },
      "contact_details": {
        "helpline": "Not specified",
        "email": "Not specified",
        "address": "Not specified"
      }
    }
  }
]
