[
    {
      "name": "Recruitment for the Post of Vidyut Sahayak (Junior Engineer - Electrical)",
      "date_of_notification": "10-01-2025",
      "date_of_commencement": "10-01-2025",
      "end_date": "31-01-2025",
      "apply_link": "https://www.mgvcl.com/Career",
      "event_type": "Exam",
      "document_links": [
      ],
      "details": {
        "vacancies": {
          "total": 50,
          "breakdown": {
            "General": 25,
            "SEBC": 13,
            "SC": 7,
            "ST": 5
          }
        },
        "eligibility": {
          "age_limit": "For Unreserved Category: 35 years; For Reserved Category: 40 years as of 01-01-2025",
          "education": "Full-time B.E./B.Tech in Electrical Engineering from a recognized university with a minimum of 55% for unreserved category and 50% for reserved category candidates"
        },
        "fee": {
          "amount": "₹500 for UR, SEBC, and EWS candidates; ₹250 for SC/ST candidates",
          "exemptions": []
        },
        "important_dates": {
          "last_date_to_apply": "31-01-2025",
          "exam_date": "To be announced"
        },
        "contact_details": {
          "helpline": "0265-2340200",
          "email": "recruitment.mgvcl@gebmail.com",
          "address": "Madhya Gujarat Vij Company Limited, 5th Floor, Sardar Patel Vidyut Bhavan, Race Course, Vadodara - 390007"
        }
      }
    }
  ]
  