[
  {
    "name": "Medical Officer - Class 2 (UCHC)",
    "date_of_notification": "10-01-2025",
    "date_of_commencement": "10-01-2025",
    "end_date": "30-01-2025",
    "apply_link": "https://ojas.gujarat.gov.in/AdvtDetails.aspx?sid=6kBevlcnHIY=&yr=QfPO8a552M0=&ano=NgjZT0gWeck=",
    "event_type": "Exam",
    "document_links": ["https://ojas.gujarat.gov.in/ojas1/AdvtDetailFiles/JMC_202425_12.pdf"],
    "details": {
      "eligibility": "Available on the official website.",
      "vacancies": "Refer to the official notification for details.",
      "syllabus": "Refer to the official document once available."
    }
  },
  {
    "name": "Gynecologist (UCHC)",
    "date_of_notification": "10-01-2025",
    "date_of_commencement": "10-01-2025",
    "end_date": "30-01-2025",
    "apply_link": "https://ojas.gujarat.gov.in/AdvtDetails.aspx?sid=6kBevlcnHIY=&yr=QfPO8a552M0=&ano=uRTMQY0HCWA=",
    "event_type": "Exam",
    "document_links": ["https://ojas.gujarat.gov.in/ojas1/AdvtDetailFiles/JMC_202425_12.pdf"],
    "details": {
      "eligibility": "Available on the official website.",
      "vacancies": "Refer to the official notification for details.",
      "syllabus": "Refer to the official document once available."
    }
  },
  {
    "name": "Pediatrician (UCHC)",
    "date_of_notification": "10-01-2025",
    "date_of_commencement": "10-01-2025",
    "end_date": "30-01-2025",
    "apply_link": "https://ojas.gujarat.gov.in/AdvtDetails.aspx?sid=6kBevlcnHIY=&yr=QfPO8a552M0=&ano=oYjJbpqKulY=",
    "event_type": "Exam",
    "document_links": ["https://ojas.gujarat.gov.in/ojas1/AdvtDetailFiles/JMC_202425_12.pdf"],
    "details": {
      "eligibility": "Available on the official website.",
      "vacancies": "Refer to the official notification for details.",
      "syllabus": "Refer to the official document once available."
    }
  },
  {
    "name": "Deputy Chief Fire Officer (Fire Prevention Wing)",
    "date_of_notification": "25-01-2025",
    "date_of_commencement": "27-01-2025",
    "end_date": "17-02-2025",
    "apply_link": "https://ojas.gujarat.gov.in/NoticeBoardList.aspx?type=lCxUjNjnTp8=",
    "event_type": "Exam",
    "document_links": ["https://ojas.gujarat.gov.in/ojas1/AdvtDetailFiles/JMC_202425_5.pdf"],
    "details": {
      "eligibility": "Refer to the official website.",
      "vacancies": "Refer to the official notification for details.",
      "syllabus": "Refer to the official document once available."
    }
  },
  {
    "name": "Divisional Fire Officer (Fire Prevention Wing)",
    "date_of_notification": "25-01-2025",
    "date_of_commencement": "27-01-2025",
    "end_date": "17-02-2025",
    "apply_link": "https://ojas.gujarat.gov.in/NoticeBoardList.aspx?type=lCxUjNjnTp8=",
    "event_type": "Exam",
    "document_links": ["https://ojas.gujarat.gov.in/ojas1/AdvtDetailFiles/JMC_202425_5.pdf"],
    "details": {
      "eligibility": "Refer to the official website.",
      "vacancies": "Refer to the official notification for details.",
      "syllabus": "Refer to the official document once available."
    }
  },
  {
    "name": "Station Fire Officer (Fire Prevention Wing)",
    "date_of_notification": "25-01-2025",
    "date_of_commencement": "27-01-2025",
    "end_date": "17-02-2025",
    "apply_link": "https://ojas.gujarat.gov.in/NoticeBoardList.aspx?type=lCxUjNjnTp8=",
    "event_type": "Exam",
    "document_links": ["https://ojas.gujarat.gov.in/ojas1/AdvtDetailFiles/JMC_202425_5.pdf"],
    "details": {
      "eligibility": "Refer to the official website.",
      "vacancies": "Refer to the official notification for details.",
      "syllabus": "Refer to the official document once available."
    }
  },
  {
    "name": "Administrative Manager (Fire Prevention Wing)",
    "date_of_notification": "25-01-2025",
    "date_of_commencement": "27-01-2025",
    "end_date": "17-02-2025",
    "apply_link": "https://ojas.gujarat.gov.in/NoticeBoardList.aspx?type=lCxUjNjnTp8=",
    "event_type": "Exam",
    "document_links": ["https://ojas.gujarat.gov.in/ojas1/AdvtDetailFiles/JMC_202425_5.pdf"],
    "details": {
      "eligibility": "Refer to the official website.",
      "vacancies": "Refer to the official notification for details.",
      "syllabus": "Refer to the official document once available."
    }
  },
  {
    "name": "Legal Assistant (Fire Prevention Wing)",
    "date_of_notification": "25-01-2025",
    "date_of_commencement": "27-01-2025",
    "end_date": "17-02-2025",
    "apply_link": "https://ojas.gujarat.gov.in/NoticeBoardList.aspx?type=lCxUjNjnTp8=",
    "event_type": "Exam",
    "document_links": ["https://ojas.gujarat.gov.in/ojas1/AdvtDetailFiles/JMC_202425_5.pdf"],
    "details": {
      "eligibility": "Refer to the official website.",
      "vacancies": "Refer to the official notification for details.",
      "syllabus": "Refer to the official document once available."
    }
  },
  {
    "name": "Fire Technician (Fire Prevention Wing)",
    "date_of_notification": "25-01-2025",
    "date_of_commencement": "27-01-2025",
    "end_date": "17-02-2025",
    "apply_link": "https://ojas.gujarat.gov.in/NoticeBoardList.aspx?type=lCxUjNjnTp8=",
    "event_type": "Exam",
    "document_links": ["https://ojas.gujarat.gov.in/ojas1/AdvtDetailFiles/JMC_202425_5.pdf"],
    "details": {
      "eligibility": "Refer to the official website.",
      "vacancies": "Refer to the official notification for details.",
      "syllabus": "Refer to the official document once available."
    }
  },
  {
    "name": "Clerk cum Computer Data Entry Operator (Fire Prevention Wing)",
    "date_of_notification": "25-01-2025",
    "date_of_commencement": "27-01-2025",
    "end_date": "17-02-2025",
    "apply_link": "https://ojas.gujarat.gov.in/NoticeBoardList.aspx?type=lCxUjNjnTp8=",
    "event_type": "Exam",
    "document_links": ["https://ojas.gujarat.gov.in/ojas1/AdvtDetailFiles/JMC_202425_5.pdf"],
    "details": {
      "eligibility": "Refer to the official website.",
      "vacancies": "Refer to the official notification for details.",
      "syllabus": "Refer to the official document once available."
    }
  }
]
