[
    {
      "name": "Recruitment for the Post of Vidyut Sahayak (Junior Engineer - Electrical)",
      "date_of_notification": "05-01-2025",
      "date_of_commencement": "05-01-2025",
      "end_date": "25-01-2025",
      "apply_link": "https://www.ugvcl.com/recadvt",
      "event_type": "Exam",
      "document_links": [
        
      ],
      "details": {
        "vacancies": {
          "total": 60,
          "breakdown": {
            "General": 30,
            "SEBC": 15,
            "SC": 9,
            "ST": 6
          }
        },
        "eligibility": {
          "age_limit": "For Unreserved Category: 35 years; For Reserved Category: 40 years as of 05-01-2025",
          "education": "Full-time B.E./B.Tech in Electrical Engineering from a recognized university with a minimum of 55% for unreserved category and 50% for reserved category candidates"
        },
        "fee": {
          "amount": "₹500 for UR, SEBC, and EWS candidates; ₹250 for SC/ST candidates",
          "exemptions": []
        },
        "important_dates": {
          "last_date_to_apply": "25-01-2025",
          "exam_date": "To be announced"
        },
        "contact_details": {
          "helpline": "02762-222080",
          "email": "recruitment@ugvcl.com",
          "address": "Uttar Gujarat Vij Company Limited, Visnagar Road, Mehsana - 384001"
        }
      }
    },
    {
      "name": "Recruitment for the Post of Junior Assistant",
      "date_of_notification": "10-12-2024",
      "date_of_commencement": "10-12-2024",
      "end_date": "10-01-2025",
      "apply_link": "https://www.ugvcl.com/recadvt",
      "event_type": "Exam",
      "document_links": [
      ],
      "details": {
        "vacancies": {
          "total": 100,
          "breakdown": {
            "General": 50,
            "SEBC": 25,
            "SC": 15,
            "ST": 10
          }
        },
        "eligibility": {
          "age_limit": "For Unreserved Category: 30 years; For Reserved Category: 35 years as of 10-12-2024",
          "education": "Full-time B.A., B.Com., B.Sc., B.C.A., and B.B.A. in regular mode from a recognized university with a minimum of 55% for unreserved category and 50% for reserved category candidates"
        },
        "fee": {
          "amount": "₹500 for UR, SEBC, and EWS candidates; ₹250 for SC/ST candidates",
          "exemptions": []
        },
        "important_dates": {
          "last_date_to_apply": "10-01-2025",
          "exam_date": "To be announced"
        },
        "contact_details": {
          "helpline": "02762-222080",
          "email": "recruitment@ugvcl.com",
          "address": "Uttar Gujarat Vij Company Limited, Visnagar Road, Mehsana - 384001"
        }
      }
    }
  ]
  