[
  {
    "name": "11th Class Annual Examination Feb./March-2025",
    "date_of_notification": "January 2025",
    "date_of_commencement": "February 2025",
    "end_date": "March 2025",
    "apply_link": "https://bseh.org.in/home",
    "event_type": "Exam",
    "document_links": [
      "https://bseh.org.in/uploads/files/c882a64c3cc3ecb65c30ef8f63b1c1df.pdf"
    ],
    "details": {
      "vacancies": null,
      "eligibility": null,
      "fee": null,
      "important_dates": {
        "last_date_to_apply": null,
        "exam_date": "February/March 2025"
      },
      "contact_details": null
    }
  },
  {
    "name": "9th Class Annual Examination Feb./March-2025",
    "date_of_notification": "January 2025",
    "date_of_commencement": "February 2025",
    "end_date": "March 2025",
    "apply_link": "https://bseh.org.in/home",
    "event_type": "Exam",
    "document_links": [
      "https://bseh.org.in/uploads/files/5deac92f1eeafbf10c7301eac8602d21.pdf"
    ],
    "details": {
      "vacancies": null,
      "eligibility": null,
      "fee": null,
      "important_dates": {
        "last_date_to_apply": null,
        "exam_date": "February/March 2025"
      },
      "contact_details": null
    }
  },
  {
    "name": "Secondary (X) Annual Examination Feb./March-2025",
    "date_of_notification": "January 2025",
    "date_of_commencement": "February 2025",
    "end_date": "March 2025",
    "apply_link": "https://bseh.org.in/home",
    "event_type": "Exam",
    "document_links": [
      "https://bseh.org.in/uploads/files/1e6226b7f674a0efef4c8a0f692cf507.pdf"
    ],
    "details": {
      "vacancies": null,
      "eligibility": null,
      "fee": null,
      "important_dates": {
        "last_date_to_apply": null,
        "exam_date": "February/March 2025"
      },
      "contact_details": null
    }
  },
  {
    "name": "Senior Secondary (XII) Annual Examination Feb./March-2025",
    "date_of_notification": "January 2025",
    "date_of_commencement": "February 2025",
    "end_date": "March 2025",
    "apply_link": "https://bseh.org.in/home",
    "event_type": "Exam",
    "document_links": [
      "https://bseh.org.in/uploads/files/60ab359290459f79bca4fa78bd169f16.pdf"
    ],
    "details": {
      "vacancies": null,
      "eligibility": null,
      "fee": null,
      "important_dates": {
        "last_date_to_apply": null,
        "exam_date": "February/March 2025"
      },
      "contact_details": null
    }
  },
  {
    "name": "D.El.Ed 1st & 2nd Year Re-Appear Examination Feb./March-2025",
    "date_of_notification": "January 2025",
    "date_of_commencement": "February 2025",
    "end_date": "March 2025",
    "apply_link": "https://bseh.org.in/home",
    "event_type": "Exam",
    "document_links": [
      "https://bseh.org.in/uploads/files/9afe7823afc02377e1df7a1a80994f57.pdf"
    ],
    "details": {
      "vacancies": null,
      "eligibility": null,
      "fee": null,
      "important_dates": {
        "last_date_to_apply": null,
        "exam_date": "February/March 2025"
      },
      "contact_details": null
    }
  },
  {
    "name": "Central Sector Scholarship Scheme",
    "date_of_notification": "January 2025",
    "date_of_commencement": "January 2025",
    "end_date": null,
    "apply_link": "https://bseh.org.in/home",
    "event_type": "Notice",
    "document_links": [
    ],
    "details": {
      "vacancies": null,
      "eligibility": null,
      "fee": null,
      "important_dates": null,
      "contact_details": null
    }
  }
]
