[
  {
    "name": "Empanelment of Computer Professionals on Job Work Basis",
    "date_of_notification": "January 2025",
    "date_of_commencement": "January 2025",
    "end_date": "To be announced",
    "apply_link": "https://www.hartron.org.in/opportunities",
    "event_type": "Exam",
    "document_links": [],
    "details": {
      "vacancies": {
        "total": "Not specified",
        "breakdown": {}
      },
      "eligibility": {
        "age_limit": "As per State Reservation Policy",
        "education": "Relevant qualifications in computer science or related fields"
      },
      "fee": {
        "amount": "As per detailed notification",
        "exemptions": []
      },
      "important_dates": {
        "last_date_to_apply": "To be announced",
        "exam_date": "To be announced"
      },
      "contact_details": {
        "helpline": "Not specified",
        "email": "Not specified",
        "address": "Not specified"
      }
    }
  }
]
