[
  {
    "name": "Qualified Competency Based Test under PNDT Act",
    "date_of_notification": "24-01-2025",
    "date_of_commencement": "28-01-2025",
    "end_date": "23-01-2026",
    "apply_link": "https://haryanahealth.gov.in/notice-category/recruitments/",
    "event_type": "Exam",
    "document_links": [
      "https://cdnbbsr.s3waas.gov.in/s31177967c7957072da3dc1db4ceb30e7a/uploads/2025/01/202501242144796264.pdf"
    ],
    "details": {
      "vacancies": null,
      "eligibility": null,
      "fee": null,
      "important_dates": {
        "last_date_to_apply": null,
        "exam_date": "28-01-2025"
      },
      "contact_details": null
    }
  },
  {
    "name": "Revised Public Notice NHM/PKL/25/1874",
    "date_of_notification": "22-01-2025",
    "date_of_commencement": "22-01-2025",
    "end_date": "15-01-2026",
    "apply_link": "https://haryanahealth.gov.in/notice-category/recruitments/",
    "event_type": "Notice",
    "document_links": [
      "https://cdnbbsr.s3waas.gov.in/s31177967c7957072da3dc1db4ceb30e7a/uploads/2025/01/20250122572322063.pdf"
    ],
    "details": {
      "vacancies": null,
      "eligibility": null,
      "fee": null,
      "important_dates": null,
      "contact_details": null
    }
  },
  {
    "name": "Walk-In-Drive for Various Positions",
    "date_of_notification": "22-01-2025",
    "date_of_commencement": "22-01-2025",
    "end_date": "25-01-2026",
    "apply_link": "https://haryanahealth.gov.in/notice-category/recruitments/",
    "event_type": "Exam",
    "document_links": [
    ],
    "details": {
      "vacancies": null,
      "eligibility": null,
      "fee": null,
      "important_dates": {
        "last_date_to_apply": null,
        "exam_date": null
      },
      "contact_details": null
    }
  },
  {
    "name": "Recruitment of 777 Medical Officers",
    "date_of_notification": "15-01-2025",
    "date_of_commencement": "15-01-2025",
    "end_date": "15-01-2026",
    "apply_link": "https://haryanahealth.gov.in/notice-category/recruitments/",
    "event_type": "Exam",
    "document_links": [
    ],
    "details": {
      "vacancies": {
        "total": 777,
        "breakdown": null
      },
      "eligibility": null,
      "fee": null,
      "important_dates": {
        "last_date_to_apply": null,
        "exam_date": null
      },
      "contact_details": null
    }
  },
  {
    "name": "Vacancy under 'Statewide NCD Risk Factor (STEPS) Survey, Haryana'",
    "date_of_notification": "13-01-2025",
    "date_of_commencement": "13-01-2025",
    "end_date": "13-01-2026",
    "apply_link": "https://haryanahealth.gov.in/notice-category/recruitments/",
    "event_type": "Notice",
    "document_links": [

    ],
    "details": {
      "vacancies": null,
      "eligibility": null,
      "fee": null,
      "important_dates": null,
      "contact_details": null
    }
  }
]
