[
  {
    "name": "Announcement regarding clarification of the essential qualification for the Post of PGT - Chemistry (Advt. No. 19/2024) for ROH Cadre",
    "date_of_notification": "22-01-2025",
    "date_of_commencement": "22-01-2025",
    "end_date": null,
    "apply_link": "",
    "event_type": "Notice",
    "document_links": [
      "https://hpsc.gov.in/Portals/0/Ann_Final_Rej_PGT_Chemistry_22_01_2025.pdf"
    ],
    "details": {
      "vacancies": null,
      "eligibility": null,
      "fee": null,
      "important_dates": null,
      "contact_details": null
    }
  }
]
