[
  {
    "name": "Advertisement No. 15/2024 - Male Constable (Mounted Armed Police)",
    "date_of_notification": "16-08-2024",
    "date_of_commencement": "16-08-2024",
    "end_date": null,
    "apply_link": "https://www.hssc.gov.in/Advertisements",
    "event_type": "Exam",
    "document_links": [],
    "details": {
      "vacancies": null,
      "eligibility": null,
      "fee": null,
      "important_dates": null,
      "contact_details": null
    }
  },
  {
    "name": "Advertisement No. 14/2024",
    "date_of_notification": "16-08-2024",
    "date_of_commencement": "16-08-2024",
    "end_date": null,
    "apply_link": "https://www.hssc.gov.in/Advertisements",
    "event_type": "Exam",
    "document_links": [],
    "details": {
      "vacancies": null,
      "eligibility": null,
      "fee": null,
      "important_dates": null,
      "contact_details": null
    }
  },
  {
    "name": "Advertisement No. 13/2024 - Sports Quota Group C Posts",
    "date_of_notification": "16-08-2024",
    "date_of_commencement": "16-08-2024",
    "end_date": null,
    "apply_link": "https://adv132024.hryssc.com",
    "event_type": "Exam",
    "document_links": [],
    "details": {
      "vacancies": null,
      "eligibility": null,
      "fee": null,
      "important_dates": null,
      "contact_details": null
    }
  },
  {
    "name": "Advertisement No. 12/2024 - Sports Quota TGT Physical Education",
    "date_of_notification": "16-08-2024",
    "date_of_commencement": "16-08-2024",
    "end_date": null,
    "apply_link": "https://www.hssc.gov.in/Advertisements",
    "event_type": "Exam",
    "document_links": [],
    "details": {
      "vacancies": null,
      "eligibility": null,
      "fee": null,
      "important_dates": null,
      "contact_details": null
    }
  }
]
