[
  {
    
        "name": "DIRECT RECRUITMENT TO THE POST OF PRINCIPAL COUNSELLOR",
        "date_of_notification": "15-01-2025",
        "date_of_commencement": "15-01-2025",
        "end_date": "05-02-2025",
        "event_type":"Exam",
        "apply_link": "https://hckrecruitment.keralacourts.in/hckrecruitment/",
        "document_links": [
        ],
        "details": {
          "description": "DIRECT RECRUITMENT TO THE POST OF PRINCIPAL COUNSELLOR",
          "eligibility": "Qualified Indian citizens.",
          "application_process": "Online applications are invited.",
          "contact": "Kerala High Court Recruitment Cell"
        }
      
    
},
{
    
        "name": "DIRECT RECRUITMENT TO THE POST OF TELEPHONE OPERATOR (GENERAL)",
        "date_of_notification": "31-12-2024",
        "date_of_commencement": "31-12-2024",
        "end_date": "27-01-2025",
        "event_type":"Exam",
        "apply_link": "https://hckrecruitment.keralacourts.in/hckrecruitment/",
        "document_links": [
        ],
        "details": {
          "description": "DIRECT RECRUITMENT TO THE POST OF TELEPHONE OPERATOR (GENERAL)",
          "eligibility": "Qualified Indian citizens.",
          "application_process": "Online applications are invited.",
          "contact": "Kerala High Court Recruitment Cell"
        }
      
    
},

{
    
        "name": "DIRECT RECRUITMENT TO THE POST OF TELEPHONE OPERATOR (SR)",
        "date_of_notification": "31-12-2024",
        "date_of_commencement": "31-12-2024",
        "end_date": "27-01-2025",
        "event_type":"Exam",
        "apply_link": "https://hckrecruitment.keralacourts.in/hckrecruitment/",
        "document_links": [
        ],
        "details": {
          "description": "DIRECT RECRUITMENT TO THE POST OF TELEPHONE OPERATOR (SR)",
          "eligibility": "Qualified Indian citizens.",
          "application_process": "Online applications are invited.",
          "contact": "Kerala High Court Recruitment Cell"
        }
      
    
},

{
    
        "name": "DIRECT RECRUITMENT TO THE POST OF COOK",
        "date_of_notification": "31-12-2024",
        "date_of_commencement": "31-12-2024",
        "end_date": "30-01-2025",
        "event_type":"Exam",
        "apply_link": "https://hckrecruitment.keralacourts.in/hckrecruitment/",
        "document_links": [
        ],
        "details": {
          "description": "DIRECT RECRUITMENT TO THE POST OF COOK",
          "eligibility": "Qualified Indian citizens.",
          "application_process": "Online applications are invited.",
          "contact": "Kerala High Court Recruitment Cell"
        }
      
    
},

{
    
        "name": "DIRECT RECRUITMENT TO THE POST OF PLUMBER",
        "date_of_notification": "17-12-2024",
        "date_of_commencement": "17-12-2024",
        "end_date": "14-01-2025",
        "event_type":"Exam",
        "apply_link": "https://hckrecruitment.keralacourts.in/hckrecruitment/",
        "document_links": [
        ],
        "details": {
          "description": "DIRECT RECRUITMENT TO THE POST OF PLUMBER",
          "eligibility": "Qualified Indian citizens.",
          "application_process": "Online applications are invited.",
          "contact": "Kerala High Court Recruitment Cell"
        }
      
    
}
]