  [
  {
    "name": "Extra Ordinary Gazette Date 31/12/2024",
    "date_of_notification": "31-12-2024",
    "date_of_commencement": null,
    "end_date": "29-01-2025",
    "apply_link": "https://www.keralapsc.gov.in/notifications",
    "event_type": "Exam",
    "document_links": [
    ],
    "details": {
      "category_numbers": "716/2024 to 812/2024",
      "description": "Various posts as per the Extra Ordinary Gazette dated 31/12/2024.",
      "eligibility": null,
      "important_dates": {
        "last_date": "29-01-2025"
      },
      "contact_details": {
        "helpline": "0471-2546400",
        "email": "kpsc.psc@kerala.gov.in"
      }
    }
  },
  {
    "name": "Extra Ordinary Gazette Date 31/12/2024",
    "date_of_notification": "31-12-2024",
    "date_of_commencement": null,
    "end_date": "29-01-2025",
    "apply_link": "https://www.keralapsc.gov.in/notifications",
    "event_type": "Exam",
    "document_links": [
    ],
    "details": {
      "category_numbers": "568/2024 to 715/2024",
      "description": "Various posts as per the Extra Ordinary Gazette dated 31/12/2024.",
      "eligibility": null,
      "important_dates": {
        "last_date": "29-01-2025"
      },
      "contact_details": {
        "helpline": "0471-2546400",
        "email": "kpsc.psc@kerala.gov.in"
      }
    }
  },
  {
    "name": "Extra Ordinary Gazette Date 30/12/2024",
    "date_of_notification": "30-12-2024",
    "date_of_commencement": null,
    "end_date": "29-01-2025",
    "apply_link": "https://www.keralapsc.gov.in/notifications",
    "event_type": "Exam",
    "document_links": [
    ],
    "details": {
      "category_numbers": "505/2024 to 567/2024",
      "description": "Various posts as per the Extra Ordinary Gazette dated 30/12/2024.",
      "eligibility": null,
      "important_dates": {
        "last_date": "29-01-2025"
      },
      "contact_details": {
        "helpline": "0471-2546400",
        "email": "kpsc.psc@kerala.gov.in"
      }
    }
  }
]
