[{
  "name": "Recruitment for Medical Officers and Staff Nurses",
  "date_of_notification": "2024-12-15",
  "date_of_commencement": "2025-01-01",
  "end_date": "2025-01-31",
  "event_type":"Exam",
  "apply_link": "https://hfwcom.karnataka.gov.in/page/Recruitment+(DRC)/Direct+Recruitment+Cell+(DRC)/en",
  "document_links": [
    
  ],
  "details": {
    "vacancies": {
      "total": 500,
      "breakdown": {
        "medical_officers": 300,
        "staff_nurses": 200
      }
    },
    "eligibility": {
      "education": {
        "medical_officers": "MBBS degree from a recognized university",
        "staff_nurses": "Diploma in Nursing from a recognized institution"
      },
      "age_limit": "Maximum age 40 years as of 01-01-2025"
    },
    "fee": {
      "amount": "₹500 for General category; ₹300 for SC/ST/OBC candidates",
      "payment_mode": "Online through the official website"
    },
    "important_dates": {
      "last_date_to_apply": "2025-01-31",
      "exam_date": "2025-02-15"
    },
    "contact_details": {
      "email": "recruitment@hfwcom.karnataka.gov.in",
      "phone": "+91-80-22345678"
    }
  }
}
]  