[
  {
    "name": "Undergraduate Common Entrance Test (UGCET) 2025",
    "date_of_notification": "23-01-2025",
    "date_of_commencement": "23-01-2025",
    "end_date": "To be announced",
    "apply_link": "https://cetonline.karnataka.gov.in/kea/",
    "event_type": "Exam",
    "document_links": [
      "https://cetonline.karnataka.gov.in/keawebentry456/ugcet2025/UGCET_Brochure_2025_Engenglish.pdf"
    ],
    "details": {
      "description": "UGCET 2025 online application process has commenced. Candidates are advised to visit the KEA website for detailed information.",
      "eligibility": "Candidates who have passed or are appearing for the 2nd PUC/12th standard or equivalent examination.",
      "important_dates": {
        "last_date_to_apply": "To be announced",
        "exam_date": "To be announced"
      },
      "contact_details": {
        "phone": "080-23460460",
        "email": "keauthority-ka@nic.in"
      }
    }
  }
]
