[
  {
    "name": "Physical Measurement Test (PMT) / Physical Efficiency Test (PET) for SCT Police Constables (Civil and APSP)",
    "date_of_notification": "05-01-2025",
    "date_of_commencement": "To be announced",
    "end_date": "To be announced",
    "apply_link": "https://slprb.ap.gov.in/UI/pressRelease",
    "event_type": "Exam",
    "document_links": [
      "https://slprb.ap.gov.in/PDFS/PressNote05012025.pdf"
    ],
    "details": {
      "important_dates": {
        "application_start_date": "To be announced",
        "application_end_date": "To be announced"
      },
      "exam_schedule": "To be announced",
      "contact_details": {
        "phone": "Not provided",
        "email": "Not provided"
      }
    }
  },
  {
    "name": "Download of Call Letters for PMT/PET for SCT Police Constables (Civil and APSP)",
    "date_of_notification": "12-12-2024",
    "date_of_commencement": "18-12-2024",
    "end_date": "29-12-2024",
    "apply_link": "https://slprb.ap.gov.in/UI/pressRelease",
    "event_type": "AdmitCard",
    "document_links": [
      "https://slprb.ap.gov.in/PDFS/Pressnote_12122024.pdf"
    ],
    "details": {
      "important_dates": {
        "application_start_date": "18-12-2024",
        "application_end_date": "29-12-2024"
      },
      "exam_schedule": "To be announced",
      "contact_details": {
        "phone": "Not provided",
        "email": "Not provided"
      }
    }
  }
]
