[
  {
    "name": "Intermediate Public Examinations March 2025",
    "date_of_notification": "15-01-2025",
    "date_of_commencement": "27-03-2025",
    "end_date": "16-04-2025",
    "apply_link": "https://bie.ap.gov.in",
    "event_type": "Exam",
    "document_links": [
    ],
    "details": {
      "important_dates": {
        "application_start_date": "01-02-2025",
        "application_end_date": "15-02-2025"
      },
      "exam_schedule": "Available in the notification",
      "contact_details": {
        "phone": "0866-2974130",
        "email": "bieap@ap.gov.in"
      }
    }
  },
  {
    "name": "Intermediate Public Examinations March 2025 Hall Tickets",
    "date_of_notification": "10-03-2025",
    "date_of_commencement": "15-03-2025",
    "end_date": "26-03-2025",
    "apply_link": "https://bie.ap.gov.in",
    "event_type": "AdmitCard",
    "document_links": [
    ],
    "details": {
      "important_dates": {
        "application_start_date": "15-03-2025",
        "application_end_date": "26-03-2025"
      },
      "exam_schedule": "Available in the notification",
      "contact_details": {
        "phone": "0866-2974130",
        "email": "bieap@ap.gov.in"
      }
    }
  }
]
