[
  {
    "name": "Recruitment for the Post of Senior Residents",
    "date_of_notification": "26-12-2024",
    "date_of_commencement": "To be announced",
    "end_date": "To be announced",
    "apply_link": "https://dme.ap.nic.in/",
    "event_type": "Exam",
    "document_links": [
    ],
    "details": {
      "important_dates": {
        "application_start_date": "To be announced",
        "application_end_date": "To be announced"
      },
      "exam_schedule": "To be announced",
      "contact_details": {
        "phone": "Not provided",
        "email": "Not provided"
      }
    }
  },
  {
    "name": "GNM December 2024 - Hall Tickets",
    "date_of_notification": "December 2024",
    "date_of_commencement": "December 2024",
    "end_date": "December 2024",
    "apply_link": "https://dme.ap.nic.in/",
    "event_type": "AdmitCard",
    "document_links": [
    ],
    "details": {
      "important_dates": {
        "application_start_date": "To be announced",
        "application_end_date": "To be announced"
      },
      "exam_schedule": "To be announced",
      "contact_details": {
        "phone": "Not provided",
        "email": "Not provided"
      }
    }
  }
]
