[
    {
      "name": "Computer Operator Grade-A Direct Recruitment-2023",
      "date_of_notification": "Not specified",
      "date_of_commencement": "Not specified",
      "end_date": "31-01-2024",
      "apply_link": "https://uppbpb.gov.in/Home/DirectRecruitment",
      "event_type": "Exam",
      "document_links": [
        "https://uppbpb.gov.in/FilesUploaded/Notice/Constable-Vigyapti-2023694b8925-2df1-442c-979d-da485890da30.pdf"
      ],
      "details": {
        "vacancies": {
          "total": 930
        },
        "eligibility": {
          "education": "Not specified"
        },
        "fee": {
          "amount": "Not specified"
        },
        "exam_centers": "Not specified",
        "important_dates": {
          "application_correction_window": "Not specified",
          "results": "Not specified",
          "ssb_interviews": "Not specified"
        },
        "scheme_of_exam": {
          "subjects": "Not specified",
          "ssb_test": "Not specified"
        },
        "contact_details": {
          "facilitation_counter": "Not specified",
          "address": "Not specified"
        }
      }
    },
    {
      "name": "Programmer Grade-2 Direct Recruitment-2023",
      "date_of_notification": "Not specified",
      "date_of_commencement": "Not specified",
      "end_date": "31-01-2024",
      "apply_link": "https://uppbpb.gov.in/Home/DirectRecruitment",
      "event_type": "Exam",
      "document_links": [
        "https://uppbpb.gov.in/FilesUploaded/Notice/Constable-Vigyapti-2023694b8925-2df1-442c-979d-da485890da30.pdf"
      ],
      "details": {
        "vacancies": {
          "total": 55
        }
      }
    },
    {
      "name": "Police Sub-Inspector (Confidential), Assistant Sub-Inspector (Clerk), and Assistant Sub-Inspector (Accounts) Direct Recruitment-2023",
      "date_of_notification": "Not specified",
      "date_of_commencement": "Not specified",
      "end_date": "31-01-2024",
      "apply_link": "https://uppbpb.gov.in/Home/DirectRecruitment",
      "event_type": "Exam",
      "document_links": [
        "https://uppbpb.gov.in/FilesUploaded/Notice/Constable-Vigyapti-2023694b8925-2df1-442c-979d-da485890da30.pdf"
      ],
      "details": {
        "vacancies": {
          "total": 921
        }
      }
    }
  ]
  