[
    {
      "name": "Staff Nurse Ayurved (M/F) (Mains) Exam-2023",
      "date_of_notification": "Not specified",
      "date_of_commencement": "Not specified",
      "end_date": "24-01-2025",
      "apply_link": "https://uppsc.up.nic.in/",
      "event_type": "Exam",
      "document_links": [],
      "details": {}
    },
    {
      "name": "Staff Nurse Unani (F) (Mains) Exam-2023",
      "date_of_notification": "Not specified",
      "date_of_commencement": "Not specified",
      "end_date": "24-01-2025",
      "apply_link": "https:sc.up//upp.nic.in/",
      "event_type": "Exam",
      "document_links": [],
      "details": {}
    },
    {
      "name": "Combined State Engineering Services (General/Special Recruitment) Examination - 2024",
      "date_of_notification": "17-12-2024",
      "date_of_commencement": "17-12-2024",
      "end_date": "24-01-2025",
      "apply_link": "https://uppsc.up.nic.in/",
      "event_type": "Exam",
      "document_links": [],
      "details": {}
    },
    {
      "name": "Departmental Exam - 2024",
      "date_of_notification": "Not specified",
      "date_of_commencement": "Not specified",
      "end_date": "24-02-2025",
      "apply_link": "https://uppsc.up.nic.in/",
      "event_type": "Exam",
      "document_links": [],
      "details": {}
    },
    {
      "name": "Notice Regarding OMR Answer Sheet in Upcoming Examinations",
      "date_of_notification": "Not specified",
      "date_of_commencement": "Not specified",
      "end_date": "31-12-2025",
      "apply_link": "https://uppsc.up.nic.in/",
      "event_type": "Result",
      "document_links": [],
      "details": {}
    }
  ]