[
    {
      "name": "Recruitment for RCDF",
      "date_of_notification": "10-12-2024",
      "date_of_commencement": null,
      "end_date": null,
      "apply_link": "https://rajcrb.rajasthan.gov.in/RecruitmentAdvertisement",
      "event_type": "Exam",
      "document_links": [
        "https://rajcrb.rajasthan.gov.in/Pdfdownload/shortadRCDF1212240256.pdf"
      ],
      "details": {
        "description": "Short advertisement of Recruitment for RCDF."
      }
    },
    {
      "name": "Recruitment to Various Posts in Apex Bank and DCCBs",
      "date_of_notification": "10-12-2024",
      "date_of_commencement": null,
      "end_date": null,
      "apply_link": "https://rajcrb.rajasthan.gov.in/RecruitmentAdvertisement",
      "event_type": "Exam",
      "document_links": [
        "https://rajcrb.rajasthan.gov.in/Pdfdownload/ApexBank_CCB%20Detailed10-12-2024.pdf"
      ],
      "details": {
        "description": "Detailed advertisement for recruitment to various posts in The Rajasthan State CoOperative Bank Ltd. (Apex Bank) and Various District Central Cooperative Banks (DCCBs) of Rajasthan."
      }
    },
    {
      "name": "Recruitment to Various Posts in RAJFED",
      "date_of_notification": "10-12-2024",
      "date_of_commencement": null,
      "end_date": null,
      "apply_link": "https://rajcrb.rajasthan.gov.in/RecruitmentAdvertisement",
      "event_type": "Exam",
      "document_links": [
        "https://rajcrb.rajasthan.gov.in/Pdfdownload/Short_AdvertisemenRecruitment1112240327.pdf"
      ],
      "details": {
        "description": "Detailed advertisement of Recruitment to various posts in the Rajasthan State Co-Operative Marketing Federation Ltd. Jaipur (RAJFED)."
      }
    }
  ]
  