[
    {
      "name": "Contractual ANM Recruitment 2023 Document Verification",
      "date_of_notification": "11-01-2025",
      "date_of_commencement": "15-01-2025",
      "end_date": "25-01-2025",
      "apply_link": "https://rajswasthya.nic.in/Index.htm",
      "event_type": "Exam",
      "document_links": [
        "https://rajswasthya.nic.in/PDF/47%20Dt.11.01.2025%20ANM.pdf"
      ],
      "details": {
        "description": "Schedule for document verification of 5,724 candidates for Contractual ANM Recruitment 2023."
      }
    }
  ]
  