[
    {
      "name": "Document Verification for Junior Assistant Recruitment Examination-2023",
      "date_of_notification": "16-08-2024",
      "date_of_commencement": null,
      "end_date": null,
      "apply_link": "https://forest.rajasthan.gov.in/content/raj/forest/en/circulars-orders0/non-gazetted.html",
      "event_type": "Exam",
      "document_links": [
        "https://forest.rajasthan.gov.in/content/dam/raj/forest/ForestDepartment/PDFs/orderscircular/NonGazetted/RajKaj%209756978-10110%20dt.%2016.08.2024%20Reg.%20NOC%20for%20Document%20Verification%20of%20Jr.Accountant%20Bharti%202023%20%20Condidates.PDF"
      ],
      "details": {
        "description": "The department has issued a No Objection Certificate (NOC) for document verification pertaining to the Junior Assistant Recruitment Examination-2023. Candidates are advised to refer to the official notification for detailed information."
      }
    }
  ]
  