[
    {
      "name": "Vidhi Rachanakar - 2024",
      "date_of_notification": "24-01-2025",
      "date_of_commencement": null,
      "end_date": null,
      "apply_link": "https://rpsc.rajasthan.gov.in/news",
      "event_type": "Exam",
      "document_links": ["https://rpsc.rajasthan.gov.in/Static/PressNotes/14FC77ED-9765-423C-8F6C-BFF3F13FB511.pdf"],
      "details": {
        "description": "Press Note regarding submission of Detailed Application Form for Vidhi Rachanakar - 2024."
      }
    },
    {
      "name": "Senior Physical Education Teacher Exam - 2022",
      "date_of_notification": "24-01-2025",
      "date_of_commencement": null,
      "end_date": null,
      "apply_link": "https://rpsc.rajasthan.gov.in/news",
      "event_type": "Result",
      "document_links": ["https://rpsc.rajasthan.gov.in/Static/AnswerKeys/8D24E264-E865-46FB-9EDB-5F1CA2D02BE3.pdf"],
      "details": {
        "description": "Marks for Senior Physical Education Teacher Exam 2022 have been released."
      }
    },
    {
      "name": "Assistant Research Officer - (Plant Pathology) Screening Exam 2022",
      "date_of_notification": "22-01-2025",
      "date_of_commencement": null,
      "end_date": null,
      "apply_link": "https://rpsc.rajasthan.gov.in/news",
      "event_type": "Result",
      "document_links": ["https://rpsc.rajasthan.gov.in/Static/Result/36070A5F12B643A6B08AA0A0B185EDEE.pdf"],
      "details": {
        "description": "Result Preamble (Qualified for Interview) for Assistant Research Officer - (Plant Pathology) Screening Exam 2022."
      }
    },
    {
      "name": "Assistant Research Officer - (Agronomy) Screening Exam 2022",
      "date_of_notification": "22-01-2025",
      "date_of_commencement": null,
      "end_date": null,
      "apply_link": "https://rpsc.rajasthan.gov.in/news",
      "event_type": "Result",
      "document_links": ["https://rpsc.rajasthan.gov.in/Static/Result/55EFC1E40B5E418A8ABAD67C5A61D290.pdf"],
      "details": {
        "description": "Result Preamble (Qualified for Interview) for Assistant Research Officer - (Agronomy) Screening Exam 2022."
      }
    },
    {
      "name": "Assistant Research Officer - (Entomology) Screening Exam 2022",
      "date_of_notification": "22-01-2025",
      "date_of_commencement": null,
      "end_date": null,
      "apply_link": "https://rpsc.rajasthan.gov.in/news",
      "event_type": "Result",
      "document_links": ["https://rpsc.rajasthan.gov.in/Static/Result/315C211E61A147E1AA0D79A9BA1AE060.pdf"],
      "details": {
        "description": "Result Preamble (Qualified for Interview) for Assistant Research Officer - (Entomology) Screening Exam 2022."
      }
    },
    {
      "name": "Assistant Research Officer - (Horticulture) Screening Exam 2022",
      "date_of_notification": "22-01-2025",
      "date_of_commencement": null,
      "end_date": null,
      "apply_link": "https://rpsc.rajasthan.gov.in/news",
      "event_type": "Result",
      "document_links": ["https://rpsc.rajasthan.gov.in/Static/Result/75D3406180DB4F258B600B360781F338.pdf"],
      "details": {
        "description": "Result Preamble (Qualified for Interview) for Assistant Research Officer - (Horticulture) Screening Exam 2022."
      }
    },
    {
      "name": "Food Safety Officer - 2022 (TSP/NTSP)",
      "date_of_notification": "22-01-2025",
      "date_of_commencement": null,
      "end_date": null,
      "apply_link": "https://rpsc.rajasthan.gov.in/news",
      "event_type": "Result",
      "document_links": ["https://rpsc.rajasthan.gov.in/Static/Result/5A1A545EF65642859755146D0F3269DE.pdf"],
      "details": {
        "description": "Result Preamble (By Court Order) for Food Safety Officer - 2022 (TSP/NTSP)."
      }
    },
    {
      "name": "Assistant Agriculture Research Officer - (Horticulture) Screening Exam 2022",
      "date_of_notification": "22-01-2025",
      "date_of_commencement": null,
      "end_date": null,
      "apply_link": "https://rpsc.rajasthan.gov.in/news",
      "event_type": "Result",
      "document_links": ["https://rpsc.rajasthan.gov.in/Static/Result/378BA60A0897468ABC1D4017230569D1.pdf"],
      "details": {
        "description": "Result Preamble (Qualified for Interview) for Assistant Agriculture Research Officer - (Horticulture) Screening Exam 2022."
      }
    },
    {
      "name": "Assistant Agriculture Research Officer - (Entomology) Screening Exam 2022",
      "date_of_notification": "22-01-2025",
      "date_of_commencement": null,
      "end_date": null,
      "apply_link": "https://rpsc.rajasthan.gov.in/news",
      "event_type": "Result",
      "document_links": ["https://rpsc.rajasthan.gov.in/Static/Result/E8167F4D851249F2AA724B28B1A08220.pdf"],
      "details": {
        "description": "Result Preamble (Qualified for Interview) for Assistant Agriculture Research Officer - (Entomology) Screening Exam 2022."
      }
    },
    {
      "name": "Assistant Agriculture Research Officer - (Agronomy) Screening Exam 2022",
      "date_of_notification": "22-01-2025",
      "date_of_commencement": null,
      "end_date": null,
      "apply_link": "https://rpsc.rajasthan.gov.in/news",
      "event_type": "Result",
      "document_links": ["https://rpsc.rajasthan.gov.in/Static/Result/E77AEB12A4504A72AA1790D3120F8E32.pdf"],
      "details": {
        "description": "Result Preamble (Qualified for Interview) for Assistant Agriculture Research Officer - (Agronomy) Screening Exam 2022."
      }
    },
    {
      "name": "Assistant Agriculture Research Officer - (Plant Pathology) Screening Exam 2022",
      "date_of_notification": "22-01-2025",
      "date_of_commencement": null,
      "end_date": null,
      "apply_link": "https://rpsc.rajasthan.gov.in/news",
      "event_type": "Result",
      "document_links": ["https://rpsc.rajasthan.gov.in/Static/Result/EF287766D3FB48C59CE573C28C4E7C1C.pdf"],
      "details": {
        "description": "Result Preamble (Qualified for Interview) for Assistant Agriculture Research Officer - (Plant Pathology) Screening Exam 2022."
      }
    },
    {
      "name": "Assistant Agriculture Research Officer - (Agriculture Chemistry) Screening Exam 2022",
      "date_of_notification": "22-01-2025",
      "date_of_commencement": null,
      "end_date": null,
      "apply_link": "https://rpsc.rajasthan.gov.in/news",
      "event_type": "Result",
      "document_links": ["https://rpsc.rajasthan.gov.in/Static/Result/21A685F3FA38480A9B9BC3F7149787AA.pdf"],
      "details": {
        "description": "Result Preamble (Qualified for Interview) for Assistant Agriculture Research Officer - (Agriculture Chemistry) Screening Exam 2022."
      }
    }
]