[
  {
    "name": "Informatics Assistant 2023",
    "date_of_notification": "24-01-2025",
    "date_of_commencement": null,
    "end_date": null,
    "apply_link": "https://rssb.org/announce.html",
    "event_type": "Document Verification",
    "document_links": [],
    "details": {
      "description": "Press Note for Document Verification & Schedule."
    }
  },
  {
    "name": "Animal Attendant 2023",
    "date_of_notification": "24-01-2025",
    "date_of_commencement": null,
    "end_date": null,
    "apply_link": "https://rssb.org/announce.html",
    "event_type": "Exam",
    "document_links": [],
    "details": {
      "description": "Press note for Question Objection."
    }
  },
  {
    "name": "LDC Grade II / Junior Assistant 2024",
    "date_of_notification": "21-01-2025",
    "date_of_commencement": null,
    "end_date": null,
    "apply_link": "https://rssb.org/announce.html",
    "event_type": "Admit Card",
    "document_links": [],
    "details": {
      "description": "Important Instructions regarding Provisional E-Admit Card."
    }
  },
  {
    "name": "Junior Engineer (JEN) 2024",
    "date_of_notification": "21-01-2025",
    "date_of_commencement": null,
    "end_date": null,
    "apply_link": "https://rssb.org/announce.html",
    "event_type": "Exam",
    "document_links": [],
    "details": {
      "description": "Amended Advertisement."
    }
  },
  {
    "name": "Supervisor (Women Empowerment) 2024",
    "date_of_notification": "20-01-2025",
    "date_of_commencement": null,
    "end_date": null,
    "apply_link": "https://rssb.org/announce.html",
    "event_type": "Exam",
    "document_links": [],
    "details": {
      "description": "Amended Advertisement."
    }
  },
  {
    "name": "Community Health Officer (Contract) 2022",
    "date_of_notification": "20-01-2025",
    "date_of_commencement": null,
    "end_date": null,
    "apply_link": "https://rssb.org/announce.html",
    "event_type": "Result",
    "document_links": [],
    "details": {
      "description": "Office Order Regarding Result."
    }
  },
  {
    "name": "Surveyor and Mine Foreman (Class-II) 2024",
    "date_of_notification": "16-01-2025",
    "date_of_commencement": null,
    "end_date": null,
    "apply_link": "https://rssb.org/announce.html",
    "event_type": "Exam",
    "document_links": [],
    "details": {
      "description": "Exam Date and Time."
    }
  }
]