[
    {
      "name": "Direct Recruitment for Company Secretary (CS) - 2021",
      "date_of_notification": "2021-11-26",
      "date_of_commencement": "2021-11-26",
      "end_date": "2021-11-26",
      "apply_link": "https://transport.rajasthan.gov.in/content/transportportal/en/metro/career/direct-recruitment.html",
      "event_type": "Result",
      "document_links": [
        "https://transport.rajasthan.gov.in/content/dam/transport/metro/Career/Direct%20Recruitment/Final%20Result%20CS%20-%2020042022.pdf"
      ],
      "details": {
        "description": "JMRC conducted a recruitment process for the post of Company Secretary in 2021. The Computer Based Test (CBT) was held on 26th November 2021, and the final result has been declared. For detailed information, refer to the official notification."
      }
    }
  ]
  