[
  {
    "name": "Recruitment for Entry-level profiles",
    "date_of_notification": "22-01-2025",
    "date_of_commencement": "22-01-2025",
    "end_date": "22-02-2025",
    "apply_link": "https://www.bharatpetroleum.in/Careers/Job-Openings.aspx/1000",
    "event_type": "Exam",
    "document_links": [
      "https://www.bharatpetroleum.in/Careers/Job-Openings.aspx/1000"
    ],
    "details": {
      "positions": [
        "Quality Assurance",
        "Secretary"
      ]
    }
  }
]
