[
  {
    "name": "Walk-in Interview for Junior Research Fellow and Research Associate at DRDE, Gwalior",
    "date_of_notification": "18-01-2025",
    "date_of_commencement": "19-02-2025",
    "end_date": "19-02-2025",
    "apply_link": "https://www.drdo.gov.in/drdo/careers",
    "event_type": "Exam",
    "document_links": [
      "https://www.drdo.gov.in/sites/default/files/career-vacancy-documents/advtDRDE18012025.pdf"
    ],
    "details": {
      "vacancies": {
        "total": "Not specified",
        "breakdown": {
          "Junior Research Fellow": "Not specified",
          "Research Associate": "Not specified"
        }
      },
      "eligibility": {
        "age_limit": "Maximum 28 years for JRF and 35 years for RA as on the date of interview",
        "education": {
          "Junior Research Fellow": "M.Sc. in relevant field with NET qualification",
          "Research Associate": "Ph.D. in relevant field"
        },
        "nationality": [
          "Indian citizen"
        ]
      },
      "fee": {
        "amount": "Not specified",
        "exemptions": []
      },
      "exam_centers": [
        "DRDE, Gwalior"
      ],
      "important_dates": {
        "interview_date": "19-02-2025"
      },
      "scheme_of_exam": {
        "interview": {
          "details": "Candidates will be selected based on their performance in the interview."
        }
      },
      "contact_details": {
        "email": "Not specified",
        "phone": "Not specified"
      }
    }
  },
  {
    "name": "Walk-in Interview for Junior Research Fellows at DMSRDE, Kanpur",
    "date_of_notification": "16-01-2025",
    "date_of_commencement": "14-02-2025",
    "end_date": "14-02-2025",
    "apply_link": "https://www.drdo.gov.in/drdo/careers",
    "event_type": "Exam",
    "document_links": [
      "https://www.drdo.gov.in/sites/default/files/career-vacancy-documents/advtDMSRDE16012025.pdf"
    ],
    "details": {
      "vacancies": {
        "total": "Not specified",
        "breakdown": {
          "Junior Research Fellow": "Not specified"
        }
      },
      "eligibility": {
        "age_limit": "Maximum 28 years as on the date of interview",
        "education": {
          "Junior Research Fellow": "M.Sc. in relevant field with NET qualification or B.E./B.Tech. in relevant field with GATE qualification"
        },
        "nationality": [
          "Indian citizen"
        ]
      },
      "fee": {
        "amount": "Not specified",
        "exemptions": []
      },
      "exam_centers": [
        "DMSRDE, Kanpur"
      ],
      "important_dates": {
        "interview_date": "14-02-2025"
      },
      "scheme_of_exam": {
        "interview": {
          "details": "Candidates will be selected based on their performance in the interview."
        }
      },
      "contact_details": {
        "email": "Not specified",
        "phone": "Not specified"
      }
    }
  },
  {
    "name": "Walk-in Interview for Junior Research Fellowship at NSTL, Visakhapatnam",
    "date_of_notification": "10-01-2025",
    "date_of_commencement": "20-02-2025",
    "end_date": "20-02-2025",
    "apply_link": "https://www.drdo.gov.in/drdo/careers",
    "event_type": "Exam",
    "document_links": [
      "https://www.drdo.gov.in/sites/default/files/career-vacancy-documents/advtNSTL_JRF10012025.pdf"
    ],
    "details": {
      "vacancies": {
        "total": "Not specified",
        "breakdown": {
          "Junior Research Fellow": "Not specified"
        }
      },
      "eligibility": {
        "age_limit": "Maximum 28 years as on the date of interview",
        "education": {
          "Junior Research Fellow": "B.E./B.Tech. in relevant field with GATE qualification or M.E./M.Tech. in relevant field"
        },
        "nationality": [
          "Indian citizen"
        ]
      },
      "fee": {
        "amount": "Not specified",
        "exemptions": []
      },
      "exam_centers": [
        "NSTL, Visakhapatnam"
      ],
      "important_dates": {
        "interview_date": "20-02-2025"
      },
      "scheme_of_exam": {
        "interview": {
          "details": "Candidates will be selected based on their performance in the interview."
        }
      },
      "contact_details": {
        "email": "Not specified",
        "phone": "Not specified"
      }
    }
  },
  {
    "name": "Engagement of ITI Apprentices for Training at DRDL, Hyderabad for the Year 2025-26",
    "date_of_notification": "09-01-2025",
    "date_of_commencement": "09-01-2025",
    "end_date": "31-01-2025",
    "apply_link": "https://www.drdo.gov.in/drdo/careers",
    "event_type": "Exam",
    "document_links": [
      "https://www.drdo.gov.in/sites/default/files/career-vacancy-documents/advtDRDL_APPREN2025_26.pdf"
    ],
    "details": {
      "vacancies": {
        "total": "Not specified",
        "breakdown": {
          "ITI Apprentice": "Not specified"
        }
      },
      "eligibility": {
        "age_limit": "As per apprenticeship rules",
        "education": {
          "ITI Apprentice": "ITI in relevant trade"
        },
        "nationality": [
          "Indian citizen"
        ]
      },
      "fee": {
        "amount": "Not specified",
        "exemptions": []
      },
      "exam_centers": [
        "DRDL, Hyderabad"
      ],
      "important_dates": {
        "application_deadline": "31-01-2025"
      },
      "scheme_of_exam": {
        "selection_process": {
          "details": "Candidates will be selected based on merit as per the marks obtained in the ITI."
        }
      },
      "contact_details": {
        "email": "Not specified",
        "phone": "Not specified"
      }
    }
  }
]
