[
  {
    "name": "Document Verification for Shortlisted Candidates in List VI and List IV",
    "date_of_notification": "Not specified",
    "date_of_commencement": "Not specified",
    "end_date": "15-01-2025",
    "apply_link": "Not applicable",
    "event_type": "Result",
    "document_links": [],
    "details": {
      "description": "The deadline for document verification for shortlisted candidates in List VI and List IV for the states of Haryana, Jammu & Kashmir, Jharkhand, and Maharashtra has been extended up to January 15, 2025.",
      "contact_details": "Not specified"
    }
  },
  {
    "name": "Document Verification for Manipur Division (Special Cycle May-2023 and Schedule-II, July 2023)",
    "date_of_notification": "Not specified",
    "date_of_commencement": "Not specified",
    "end_date": "15-01-2025",
    "apply_link": "Not applicable",
    "event_type": "Result",
    "document_links": [],
    "details": {
      "description": "The deadline for document verification for shortlisted candidates in List IV of the Manipur Division has been extended up to January 15, 2025.",
      "contact_details": "Not specified"
    }
  }
]
