[
  {
    "name": "ICMR-Emeritus Scientist Program 2025",
    "date_of_notification": "January 23, 2025",
    "date_of_commencement": "January 23, 2025",
    "end_date": "February 17, 2025",
    "apply_link": "https://www.icmr.gov.in/employment-opportunities",
    "event_type": "Exam",
    "document_links": [],
    "details": {}
  },
  {
    "name": "Expression of Interest for Development and Manufacturing of a Lateral Flow based Point of Care device for serum ferritin quantification",
    "date_of_notification": "January 23, 2025",
    "date_of_commencement": "January 23, 2025",
    "end_date": "February 28, 2025",
    "apply_link": "https://www.icmr.gov.in/employment-opportunities",
    "event_type": "Exam",
    "document_links": [],
    "details": {}
  },
  {
    "name": "DHR-Fellowship Program for Achievements in Biomedical Research (FAB) 2024-25",
    "date_of_notification": "January 23, 2025",
    "date_of_commencement": "January 23, 2025",
    "end_date": "February 13, 2025",
    "apply_link": "https://www.icmr.gov.in/employment-opportunities",
    "event_type": "Exam",
    "document_links": [],
    "details": {}
  },
  {
    "name": "Call for Investigator-Initiated Research Proposals for Intermediate Extramural Grants (2025)",
    "date_of_notification": "January 23, 2025",
    "date_of_commencement": "January 23, 2025",
    "end_date": "April 8, 2025",
    "apply_link": "https://www.icmr.gov.in/employment-opportunities",
    "event_type": "Exam",
    "document_links": [],
    "details": {}
  },
  {
    "name": "Call for Investigator-Initiated Research Proposals for Small Extramural Grants (2025)",
    "date_of_notification": "January 23, 2025",
    "date_of_commencement": "January 23, 2025",
    "end_date": "April 1, 2025",
    "apply_link": "https://www.icmr.gov.in/employment-opportunities",
    "event_type": "Exam",
    "document_links": [],
    "details": {}
  },
  {
    "name": "Comments on Standard IVD Evaluation Protocols",
    "date_of_notification": "January 23, 2025",
    "date_of_commencement": "January 23, 2025",
    "end_date": "February 15, 2025",
    "apply_link": "https://www.icmr.gov.in/employment-opportunities",
    "event_type": "Exam",
    "document_links": [],
    "details": {}
  },
  {
    "name": "DHR-HRD Research Proposals under 'Start-Up Grant for induction into Biomedical & Health Research' 2024-25",
    "date_of_notification": "January 23, 2025",
    "date_of_commencement": "January 23, 2025",
    "end_date": "January 30, 2025",
    "apply_link": "https://www.icmr.gov.in/employment-opportunities",
    "event_type": "Exam",
    "document_links": [],
    "details": {}
  }
]
