[
  {
    "name": "Recruitment of Vacancies in Scale III, V, VI and VII",
    "date_of_notification": "10-01-2025",
    "date_of_commencement": "10-01-2025",
    "end_date": null,
    "apply_link": "https://ibpsonline.ibps.in/ippbl2dec24/",
    "event_type": "Recruitment",
    "document_links": [
        "https://www.ippbonline.com/documents/20133/133019/1736427022121.pdf"
    ],
    "details": null
  },
  {
    "name": "Recruitment of Specialist Officers for Information Technology and Information Security Department",
    "date_of_notification": "21-12-2024",
    "date_of_commencement": "21-12-2024",
    "end_date": "10-01-2025",
    "apply_link":"https://ibpsonline.ibps.in/ippbldec24/",
    "event_type": "Recruitment",
    "document_links": [
        "https://www.ippbonline.com/documents/20133/133019/1734713243450.pdf"
    ],
    "details": null
  }
]
