[
  {
    "name": "Release of Admit Cards for JEE (Main)–2025 Session-1 (January 2025) scheduled to appear on 28, 29 and 30 January 2025",
    "date_of_notification": "24-01-2025",
    "date_of_commencement": "28-01-2025",
    "end_date": "30-01-2025",
    "apply_link": null,
    "event_type": "AdmitCard",
    "document_links": [
        "https://cdnbbsr.s3waas.gov.in/s3f8e59f4b2fe7c5705bf878bbd494ccdf/uploads/2025/01/2025011839.pdf"
    ],
    "details": null
  },
  {
    "name": "Rescheduling of JEE (Main)-2025, Session-1 Examination for Few Candidates",
    "date_of_notification": "23-01-2025",
    "date_of_commencement": null,
    "end_date": null,
    "apply_link": null,
    "event_type": "Exam",
    "document_links": [
     "https://cdnbbsr.s3waas.gov.in/s3f8e59f4b2fe7c5705bf878bbd494ccdf/uploads/2025/01/2025012220.pdf"
    ],
    "details": null
  },
  {
    "name": "Intimation regarding change of Examination Centre of JEE (Main)-2025 Session-I at Sharjah, UAE",
    "date_of_notification": "22-01-2025",
    "date_of_commencement": null,
    "end_date": null,
    "apply_link": null,
    "event_type": "Exam",
    "document_links": [
      "https://cdnbbsr.s3waas.gov.in/s3f8e59f4b2fe7c5705bf878bbd494ccdf/uploads/2025/01/2025012063.pdf"
    ],
    "details": null
  },
  {
    "name": "Advance Intimation for Allotment of Examination City to the Applicants of JEE (Main) – 2025 Session 1",
    "date_of_notification": "18-01-2025",
    "date_of_commencement": null,
    "end_date": null,
    "apply_link": null,
    "event_type": "Exam",
    "document_links": [
     "https://cdnbbsr.s3waas.gov.in/s3f8e59f4b2fe7c5705bf878bbd494ccdf/uploads/2025/01/2025011231.pdf"
    ],
    "details": null
  },
  {
    "name": "Examination Schedule for JEE (Main)-2025 Session-1",
    "date_of_notification": "15-01-2025",
    "date_of_commencement": "22-01-2025",
    "end_date": "30-01-2025",
    "apply_link": null,
    "event_type": "Exam",
    "document_links": [
     "https://cdnbbsr.s3waas.gov.in/s3f8e59f4b2fe7c5705bf878bbd494ccdf/uploads/2025/01/2025010196.pdf"
    ],
    "details": null
  }
]
