[
  {
    "name": "Kishore Vaigyanik Protsahan Yojana (KVPY)",
    "date_of_notification": null,
    "date_of_commencement": null,
    "end_date": null,
    "apply_link": null,
    "event_type": "Exam",
    "document_links": [
      "https://www.indiascienceandtechnology.gov.in/nurturing-minds/scholarships/school/kishore-vaigyanik-protsahan-yojana-kvpy"
    ],
    "details": {
      "purpose": "Capacity Building",
      "funding_agency": "Department of Science and Technology (DST), Govt. of India"
    }
  }
]
  