[
    {
      "name": "Recruitment to the post of Office Attendant in Group 'C' service - 2024",
      "date_of_notification": "02-10-2024",
      "date_of_commencement": "02-10-2024",
      "end_date": "21-10-2024",
      "event_type":"Exam",
      "apply_link": "https://www.nabard.org/careers-notices1.aspx?cid=693&id=26",
      "document_links": [
        "https://www.nabard.org/auth/writereaddata/CareerNotices/0210241136Advertisement%20-%20Group%20C%20-2024.pdf"
      ],
      "details": {
        "vacancies": "Various posts across India",
        "eligibility": {
          "education": "10th Standard pass",
          "age_limit": "18 to 30 years as of 01-09-2024"
        },
        "application_fee": {
          "amount": "₹450 for General/OBC, ₹50 for SC/ST/PWD/Ex-Servicemen candidates"
        },
        "selection_process": "Online examination followed by Language Proficiency Test",
        "contact_information": "For more details, refer to the official notification."
      }
    },
    {
      "name": "Recruitment to the post of Assistant Manager in Grade 'A' (RDBS/Rajbhasha) - 2024",
      "date_of_notification": "27-07-2024",
      "date_of_commencement": "27-07-2024",
      "end_date": "15-08-2024",
      "event_type":"Exam",
      "apply_link": "https://www.nabard.org/careers-notices1.aspx?cid=693&id=26",
      "document_links": [
        "https://www.nabard.org/auth/writereaddata/CareerNotices/2707240233final-advertisement-grade-a-rdbs-rajbhasha-2024.pdf"
      ],
      "details": {
        "vacancies": "Various posts in RDBS and Rajbhasha services",
        "eligibility": {
          "education": "Bachelor's degree in relevant discipline",
          "age_limit": "21 to 30 years as of 01-07-2024"
        },
        "application_fee": {
          "amount": "₹800 for General/OBC, ₹150 for SC/ST/PWD candidates"
        },
        "selection_process": "Preliminary examination, Main examination, and Interview",
        "contact_information": "For more details, refer to the official notification."
      }
    }
  ]
  