[
  {
    "name": "National Eligibility cum Entrance Test (NEET) UG 2025",
    "date_of_notification": "17-01-2025",
    "date_of_commencement": "March 2025",
    "end_date": "April 2025",
    "apply_link": "https://neet.nta.nic.in",
    "event_type": "Exam",
    "document_links": [
      "https://neet.nta.nic.in/document/information-bulletin-english/?utm_source=chatgpt.com"
    ],
    "details": {
      "important_dates": {
        "exam_date": "07-05-2025",
        "application_window": "March 2025 to April 2025"
      }
    }
  }

]