[
  {
    "name": "Recruitment in Engineering and Geoscience Disciplines at E1 Level through GATE 2025",
    "date_of_notification": "2025-01-10",
    "date_of_commencement": "To be announced",
    "end_date": "To be announced",
    "apply_link": "https://ongcindia.com/web/eng/career/recruitment-notice",
    "event_type": "Exam",
    "document_links": [
      "https://ongcindia.com/documents/77751/2660534/advertisment100125.pdf?t=1736526341520"
    ],
    "details": {
      "vacancies": "Positions in Engineering and Geoscience disciplines",
      "eligibility": {
        "requirement": "Candidates with valid GATE 2025 scores in relevant subjects"
      },
      "application_process": "Candidates are required to appear for GATE 2025 in the relevant subjects. The detailed application process will be available on the ONGC website after the declaration of GATE 2025 results."
    }
  },
  {
    "name": "Recruitment of Junior Consultants in Mehsana",
    "date_of_notification": "2024-07-06",
    "date_of_commencement": "To be announced",
    "end_date": "To be announced",
    "apply_link": "https://ongcindia.com/web/eng/career/recruitment-notice",
    "event_type": "Exam",
    "document_links": [
      "https://ongcindia.com/documents/77751/2660534/DetailedAdvertisement.pdf"
    ],
    "details": {
      "vacancies": "Junior Consultants",
      "eligibility": {
        "requirement": "Retired ONGC personnel with relevant experience"
      },
      "application_process": "Interested candidates are required to submit their applications as per the instructions in the advertisement."
    }
  },
  {
    "name": "Recruitment of Retired ONGC Personnel for Drilling Services",
    "date_of_notification": "2024-06-08",
    "date_of_commencement": "To be announced",
    "end_date": "To be announced",
    "apply_link": "https://ongcindia.com/web/eng/career/recruitment-notice",
    "event_type": "Exam",
    "document_links": [
      "https://ongcindia.com/documents/77751/2660534/advt080624.pdf"
    ],
    "details": {
      "vacancies": "Consultants for Drilling Services",
      "eligibility": {
        "requirement": "Retired ONGC personnel with relevant experience"
      },
      "application_process": "Interested candidates are required to submit their applications as per the instructions in the advertisement."
    }
  }
]

  