[
  {
    "name": "Recruitment of Specialist Cadre Officer on Contract Basis",
    "date_of_notification": "22-01-2025",
    "date_of_commencement": "22-01-2025",
    "end_date": "13-02-2025",
    "apply_link": "https://recruitment.bank.sbi/crpd-sco-2024-25-28/apply",
    "event_type": "Recruitment",
    "document_links": [
        "https://sbi.co.in/documents/77530/43947057/ADVERTISEMENT+VP+INVESTOR+RELATION_2024-25_28.pdf/e2b2687b-eb33-a25c-7bdf-18cf8f729f29?t=1737538808786"
    ],
    "details": null
  },
  {
    "name": "Recruitment of Specialist Cadre Officer on Regular Basis",
    "date_of_notification": null,
    "date_of_commencement": null,
    "end_date": "03-02-2025",
    "apply_link": "https://recruitment.bank.sbi/crpd-sco-2024-25-21/apply",
    "event_type": "Recruitment",
    "document_links": [
     "https://sbi.co.in/documents/77530/43947057/03012025_ADV_CRPD_+SCO_2024-25+_+21_+Archivist.pdf/d8be1686-513a-fbd8-3dac-634f194a3b15?t=1735882836856"
    ],
    "details": null
  },
  {
    "name": "Recruitment of Specialist Cadre Officer on Contract Basis",
    "date_of_notification": null,
    "date_of_commencement": null,
    "end_date": "03-02-2025",
    "apply_link": "https://recruitment.bank.sbi",
    "event_type": "Recruitment",
    "document_links": [
  "https://sbi.co.in/documents/77530/43947057/03012025_ADV_CRPD_+SCO_2024-25+_+21_+Archivist.pdf/d8be1686-513a-fbd8-3dac-634f194a3b15?t=1735882836856"    ],
    "details": null
  }
]
