[
  {
    "name": "Submission of required list ACRs for exposure Visit to the post of Lecturer (School Cadre)",
    "date_of_notification": "2025-01-07",
    "date_of_commencement": "2025-01-07",
    "end_date": "2025-01-31",
    "event_type":"Exam",
    "apply_link": "https://education.hp.gov.in/?q=notices",
    "document_links": [
      "https://education.hp.gov.in/sites/default/files/ACRs_2.pdf"
    ],
    "details": {
      "description": "Submission of required list of Annual Confidential Reports (ACRs) for exposure visit to the post of Lecturer (School Cadre).",
      "contact_details": {
        "email": "info@education.hp.gov.in",
        "phone": "+91-177-2656621"
      }
    }
  },
  {
    "name": "Office Order: Delegation of DDO Power to GSSS",
    "date_of_notification": "2025-01-08",
    "date_of_commencement": "2025-01-08",
    "event_type":"Exam",
    "end_date": "2025-01-31",
    "apply_link": "https://education.hp.gov.in/?q=notices",
    "document_links": [
      "https://education.hp.gov.in/sites/default/files/GSSS%20Drang.pdf"
    ],
    "details": {
      "description": "Office order regarding the delegation of Drawing and Disbursing Officer (DDO) powers to Government Senior Secondary Schools (GSSS).",
      "contact_details": {
        "email": "info@education.hp.gov.in",
        "phone": "+91-177-2656621"
      }
    }
  },
  {
    "name": "Vacation Schedule for Government Schools in H.P.",
    "date_of_notification": "2025-01-06",
    "date_of_commencement": "2025-01-06",
    "end_date": "2025-12-31",
    "event_type":"Exam",
    "apply_link": "https://education.hp.gov.in/?q=notices",
    "document_links": [
      "https://education.hp.gov.in/sites/default/files/vacation_1.pdf"
    ],
    "details": {
      "description": "Notification regarding the vacation schedule for government schools in Himachal Pradesh for the year 2025.",
      "contact_details": {
        "email": "info@education.hp.gov.in",
        "phone": "+91-177-2656621"
      }
    }
  }
]
