[
    {
      "name": "Recruitment for the Post of Agriculture Development Officer (ADO)",
      "date_of_notification": "2025-01-05",
      "date_of_commencement": "2025-01-05",
      "end_date": "2025-01-25",
      "event_type":"Exam",
      "apply_link": "https://www.hppsc.hp.gov.in/hppsc/content/Index/?qlid=42&Ls_is=67&lngid=1",
      "document_links": [
        "https://www.hppsc.hp.gov.in/hppsc/WriteReadData/LINKS/Advertisement%20Number%2058112021527d3652-d0b9-4b0c-8d89-205ab8730048.pdf"
      ],
      "details": {
        "positions": [
          "Agriculture Development Officer (ADO)"
        ],
        "eligibility": {
          "education": "B.Sc. (Agriculture) or M.Sc. (Agriculture) from a recognized university",
          "age_limit": "Between 18 and 45 years as of 2025-01-01"
        },
        "fee": {
          "amount": "₹400 for General category; ₹100 for SC/ST/OBC candidates",
          "payment_mode": "Online through the official website"
        },
        "important_dates": {
          "last_date_to_apply": "2025-01-25",
          "exam_date": "To be announced"
        },
        "contact_details": {
          "email": "hppsc_shimla@msn.com",
          "phone": "+91-177-2624313"
        }
      }
    }
  ]
  